id,index,millis,gas_index,mes_index,temperature,pressure,humidity,gas_resistance,status,label
967467615,0,818,0,0,26.88,93349.63,47.06,1929345.25,b0,ar
967467615,0,5032,0,29,26.94,93354.72,46.94,1826125.75,b0,ar
967467615,0,5719,1,34,27.06,93356.47,46.92,307969.94,b0,ar
967467615,0,6406,2,39,26.33,93352.45,46.76,35685272,b0,ar
967467615,0,7093,3,44,26.83,93352.64,46.86,398443.59,b0,ar
967467615,0,7780,4,49,26.78,93360.67,46.87,2183951,b0,ar
967467615,0,12214,0,29,27,93358.78,46.58,1907778.25,b0,ar
967467615,0,12999,1,34,27.34,93358.09,46.58,334859.38,b0,ar
967467615,0,13686,2,39,26.56,93357.35,46.39,75961752,b0,ar
967467615,0,14373,3,44,27.17,93354.74,46.49,471346.38,b0,ar
967467615,0,15060,4,49,27.11,93355.24,46.44,3545553,b0,ar
967467615,0,19454,0,29,27.09,93355.77,46.22,2446103.25,b0,ar
967467615,0,20239,1,34,27.42,93352.89,46.25,367288.38,b0,ar
967467615,0,20926,2,39,26.64,93359.92,46.08,87177920,b0,ar
967467615,0,21613,3,44,27.25,93351.74,46.20,502946.97,b0,ar
967467615,0,22300,4,49,27.19,93356.45,46.17,3875118.25,b0,ar
967467615,0,26704,0,29,27.16,93354.22,46.01,2617252.50,b0,ar
967467615,0,27489,1,34,27.50,93353.30,46.04,389353.63,b0,ar
967467615,0,28176,2,39,26.70,93352.06,45.88,95255816,b0,ar
967467615,0,28863,3,44,27.32,93352.60,45.99,526207.63,b0,ar
967467615,0,29550,4,49,27.26,93356.09,45.97,4108325,b0,ar
967467615,0,33944,0,29,27.22,93359.69,45.87,2757320.75,b0,ar
967467615,0,34729,1,34,27.56,93354.96,45.91,404583.16,b0,ar
967467615,0,35416,2,39,26.77,93355.73,45.78,101331272,b0,ar
967467615,0,36103,3,44,27.37,93356.91,45.91,544680.88,b0,ar
967467615,0,36790,4,49,27.32,93354.01,45.91,4312714,b0,ar
967467615,0,41194,0,29,27.27,93350.85,45.90,2913229,b0,ar
967467615,0,41881,1,34,27.60,93352.95,45.97,418728.28,b0,ar
967467615,0,42666,2,39,26.81,93357.14,45.82,102400000,b0,ar
967467615,0,43353,3,44,27.42,93355.68,45.97,563566.31,b0,ar
967467615,0,44040,4,49,27.36,93355.79,45.97,4501099,b0,ar
967467615,0,48434,0,29,27.32,93354.39,45.95,3095409,b0,ar
967467615,0,49219,1,34,27.65,93359.26,46,431976.38,b0,ar
967467615,0,49906,2,39,26.85,93358.71,45.84,102400000,b0,ar
967467615,0,50593,3,44,27.48,93354.59,45.99,580334.38,b0,ar
967467615,0,51280,4,49,27.41,93354.75,45.97,4666477,b0,ar
967467615,0,55684,0,29,27.37,93355.56,45.89,3169052.25,b0,ar
967467615,0,56371,1,34,27.70,93357.23,45.92,439768.09,b0,ar
967467615,0,57156,2,39,26.91,93359.85,45.76,102400000,b0,ar
967467615,0,57843,3,44,27.52,93353.79,45.87,595002.88,b0,ar
967467615,0,58530,4,49,27.45,93359.49,45.86,4806101.50,b0,ar
967467615,0,62924,0,29,27.40,93351.77,45.75,3257904.25,b0,ar
967467615,0,63709,1,34,27.75,93357.75,45.79,445798.88,b0,ar
967467615,0,64396,2,39,26.95,93355.45,45.64,102400000,b0,ar
967467615,0,65083,3,44,27.57,93355.92,45.76,605022.19,b0,ar
967467615,0,65770,4,49,27.50,93356.09,45.74,4870392.50,b0,ar
967467615,0,70174,0,29,27.45,93359.11,45.66,3327376,b0,ar
967467615,0,70959,1,34,27.79,93359.74,45.70,455010,b0,ar
967467615,0,71646,2,39,26.99,93356.43,45.54,102400000,b0,ar
967467615,0,72333,3,44,27.61,93358.68,45.67,622681.69,b0,ar
967467615,0,73020,4,49,27.54,93358.26,45.64,5031941,b0,ar
967467615,0,77414,0,29,27.49,93356.72,45.47,3401993.25,b0,ar
967467615,0,78199,1,34,27.83,93357.73,45.51,464293.81,b0,ar
967467615,0,78886,2,39,27.03,93355.64,45.33,102400000,b0,ar
967467615,0,79573,3,44,27.65,93359.08,45.46,626108.25,b0,ar
967467615,0,80260,4,49,27.58,93358.44,45.43,5107232,b0,ar
967467615,0,84664,0,29,27.53,93353.31,45.20,3557099.50,b0,ar
967467615,0,85449,1,34,27.88,93355.28,45.23,475284.28,b0,ar
967467615,0,86136,2,39,27.07,93361.81,45.04,102400000,b0,ar
967467615,0,86823,3,44,27.69,93353.32,45.14,639600.25,b0,ar
967467615,0,87510,4,49,27.62,93354.45,45.11,5295410.50,b0,ar
967467615,0,91914,0,29,27.58,93358.66,44.94,3604047.50,b0,ar
967467615,0,92601,1,34,27.92,93355.29,44.97,481316.09,b0,ar
967467615,0,93386,2,39,27.11,93355.65,44.81,102400000,b0,ar
967467615,0,94073,3,44,27.72,93356.50,44.92,651814.13,b0,ar
967467615,0,94760,4,49,27.66,93356.43,44.90,5421575,b0,ar
967467615,0,99154,0,29,27.61,93357.48,44.69,3886148,b0,ar
967467615,0,99939,1,34,27.95,93359.11,44.71,493493.97,b0,ar
967467615,0,100626,2,39,27.15,93359.84,44.52,102400000,b0,ar
967467615,0,101313,3,44,27.77,93356.09,44.63,669718.75,b0,ar
967467615,0,102000,4,49,27.70,93354.85,44.57,5663325.50,b0,ar
967467615,0,106404,0,29,27.65,93355.91,44.40,4065508.75,b0,ar
967467615,0,107189,1,34,27.99,93357.71,44.45,504433.50,b0,ar
967467615,0,107876,2,39,27.18,93359.67,44.30,102400000,b0,ar
967467615,0,108563,3,44,27.81,93360.85,44.42,677696.88,b0,ar
967467615,0,109250,4,49,27.73,93354.67,44.41,5704735.50,b0,ar
967467615,0,113644,0,29,27.68,93355.32,44.35,4005868,b0,ar
967467615,0,114429,1,34,28.02,93353.95,44.39,506679.88,b0,ar
967467615,0,115116,2,39,27.22,93358.86,44.24,102400000,b0,ar
967467615,0,115803,3,44,27.84,93358.51,44.38,683122.06,b0,ar
967467615,0,116490,4,49,27.77,93353.87,44.37,5740715,b0,ar
967467615,0,120894,0,29,27.71,93360.34,44.33,3973805.50,b0,ar
967467615,0,121679,1,34,28.05,93356.56,44.38,510850.59,b0,ar
967467615,0,122366,2,39,27.26,93355.52,44.24,102400000,b0,ar
967467615,0,123053,3,44,27.88,93356.29,44.37,688634.81,b0,ar
967467615,0,123740,4,49,27.81,93356.47,44.36,5758875,b0,ar
967467615,0,128134,0,29,27.74,93356.60,44.30,3953668,b0,ar
967467615,0,128919,1,34,28.09,93357.96,44.36,507056.19,b0,ar
967467615,0,129606,2,39,27.28,93355.58,44.21,102400000,b0,ar
967467615,0,130293,3,44,27.90,93358.95,44.35,688634.81,b0,ar
967467615,0,130980,4,49,27.83,93360.71,44.36,5838916.50,b0,ar
967467615,0,135384,0,29,27.78,93359.40,44.43,3976699,b0,ar
967467615,0,136071,1,34,28.11,93361.63,44.50,511233.16,b0,ar
967467615,0,136856,2,39,27.30,93355.88,44.38,102400000,b0,ar
967467615,0,137543,3,44,27.92,93357.84,44.53,689330.19,b0,ar
967467615,0,138230,4,49,27.86,93360.58,44.53,5777151,b0,ar
967467615,0,142624,0,29,27.80,93360.27,44.54,3979596.75,b0,ar
967467615,0,143409,1,34,28.13,93355.95,44.58,519006.59,b0,ar
967467615,0,144096,2,39,27.33,93355.93,44.43,102400000,b0,ar
967467615,0,144783,3,44,27.95,93363.88,44.58,693532,b0,ar
967467615,0,145470,4,49,27.89,93366.41,44.56,5826458,b0,ar
967467615,0,149874,0,29,27.83,93356.77,44.48,4000000,b0,ar
967467615,0,150659,1,34,28.16,93357.38,44.51,514314.41,b0,ar
967467615,0,151346,2,39,27.35,93356.61,44.36,102400000,b0,ar
967467615,0,152033,3,44,27.98,93359.34,44.48,696361.81,b0,ar
967467615,0,152720,4,49,27.91,93356.11,44.46,5832680.50,b0,ar
967467615,0,157114,0,29,27.85,93359.62,44.29,3994149.25,b0,ar
967467615,0,157899,1,34,28.19,93352.63,44.31,520987.03,b0,ar
967467615,0,158586,2,39,27.38,93354.70,44.14,102400000,b0,ar
967467615,0,159273,3,44,28,93359.64,44.25,699931.63,b0,ar
967467615,0,159960,4,49,27.93,93359.40,44.22,6036846,b0,ar
967467615,0,164364,0,29,27.88,93359.48,44.09,4056449.50,b0,ar
967467615,0,165149,1,34,28.21,93355.08,44.12,525802.31,b0,ar
967467615,0,165836,2,39,27.40,93352.98,43.99,102400000,b0,ar
967467615,0,166523,3,44,28.02,93353.71,44.09,706450.50,b0,ar
967467615,0,167210,4,49,27.96,93364.84,44.08,6040184.50,b0,ar
967467615,0,171604,0,29,27.90,93358.37,43.96,4086804.75,b0,ar
967467615,0,172389,1,34,28.23,93356.39,43.99,526207.63,b0,ar
967467615,0,173076,2,39,27.42,93357.46,43.86,102400000,b0,ar
967467615,0,173763,3,44,28.04,93360.22,43.98,714584.81,b0,ar
967467615,0,174450,4,49,27.97,93363.58,43.97,6104322,b0,ar
967467615,0,178854,0,29,27.92,93362.66,43.85,4235781,b0,ar
967467615,0,179541,1,34,28.25,93357.26,43.88,530295.19,b0,ar
967467615,0,180326,2,39,27.45,93362.70,43.73,102400000,b0,ar
967467615,0,181013,3,44,28.07,93352.08,43.85,720619.31,b0,ar
967467615,0,181700,4,49,28,93362.81,43.83,6226107,b0,ar
967467615,0,186094,0,29,27.94,93361.95,43.75,4316122,b0,ar
967467615,0,186879,1,34,28.28,93360.72,43.80,534446.75,b0,ar
967467615,0,187566,2,39,27.48,93361.76,43.67,102400000,b0,ar
967467615,0,188253,3,44,28.09,93356.31,43.80,722908.56,b0,ar
967467615,0,188940,4,49,28.03,93360.46,43.79,6327090,b0,ar
967467615,0,193334,0,29,27.97,93362.57,43.80,4364411.50,b0,ar
967467615,0,194119,1,34,28.30,93357.98,43.84,538663.88,b0,ar
967467615,0,194806,2,39,27.49,93358.50,43.70,102400000,b0,ar
967467615,0,195493,3,44,28.12,93355.80,43.82,724442.88,b0,ar
967467615,0,196180,4,49,28.05,93359.16,43.81,6283413,b0,ar
967467615,0,200584,0,29,27.99,93358.88,43.83,4302521,b0,ar
967467615,0,201271,1,34,28.33,93357.07,43.90,538239.19,b0,ar
967467615,0,202056,2,39,27.52,93363.37,43.76,102400000,b0,ar
967467615,0,202743,3,44,28.13,93362.50,43.90,728307.25,b0,ar
967467615,0,203430,4,49,28.07,93362.44,43.91,6265392,b0,ar
967467615,0,207824,0,29,28,93356.65,43.87,4268890,b0,ar
967467615,0,208511,1,34,28.33,93359.04,43.91,542085.75,b0,ar
967467615,0,209296,2,39,27.53,93359.33,43.76,102400000,b0,ar
967467615,0,209983,3,44,28.15,93360.81,43.89,729864.56,b0,ar
967467615,0,210670,4,49,28.09,93358.74,43.89,6243902.50,b0,ar
967467615,0,215064,0,29,28.03,93365.27,43.73,4360926.50,b0,ar
967467615,0,215849,1,34,28.37,93360.83,43.75,542516.56,b0,ar
967467615,0,216536,2,39,27.56,93355.77,43.58,102400000,b0,ar
967467615,0,217223,3,44,28.17,93357.73,43.68,740151.81,b0,ar
967467615,0,217910,4,49,28.10,93360.47,43.64,6442784,b0,ar
967467615,0,222304,0,29,28.04,93361.23,43.48,4489997.50,b0,ar
967467615,0,223089,1,34,28.37,93359.81,43.53,550833.81,b0,ar
967467615,0,223776,2,39,27.57,93358.48,43.36,102400000,b0,ar
967467615,0,224463,3,44,28.19,93357.78,43.50,736161.06,b0,ar
967467615,0,225150,4,49,28.12,93356.80,43.49,6442784,b0,ar
967467615,0,229544,0,29,28.03,93361.48,43.37,4591928.50,b0,ar
967467615,0,230329,1,34,28.37,93360.83,43.40,555766.63,b0,ar
967467615,0,231016,2,39,27.57,93359.68,43.24,102400000,b0,ar
967467615,0,231703,3,44,28.20,93357.34,43.33,751697.56,b0,ar
967467615,0,232390,4,49,28.12,93355.37,43.31,6646653,b0,ar
967467615,0,236794,0,29,28.06,93355.70,43.10,4844470.50,b0,ar
967467615,0,237481,1,34,28.41,93361.20,43.12,568257.50,b0,ar
967467615,0,238266,2,39,27.58,93358.05,42.97,102400000,b0,ar
967467615,0,238953,3,44,28.20,93358.55,43.07,763466.94,b0,ar
967467615,0,239640,4,49,28.13,93359.76,43.06,6778651,b0,ar
967467615,0,244034,0,29,28.07,93365.04,43.09,4710753.50,b0,ar
967467615,0,244819,1,34,28.41,93364.58,43.15,564498.38,b0,ar
967467615,0,245506,2,39,27.61,93360.88,43.03,102400000,b0,ar
967467615,0,246193,3,44,28.23,93362.59,43.17,751697.56,b0,ar
967467615,0,246880,4,49,28.16,93358.79,43.19,6634541.50,b0,ar
967467615,0,251274,0,29,28.09,93360.14,43.20,4615211.50,b0,ar
967467615,0,252059,1,34,28.43,93359.28,43.24,564498.38,b0,ar
967467615,0,252746,2,39,27.63,93360.80,43.09,102400000,b0,ar
967467615,0,253433,3,44,28.24,93358.51,43.22,745812.06,b0,ar
967467615,0,254120,4,49,28.17,93358.12,43.21,6618461,b0,ar
967467615,0,258524,0,29,28.12,93359.60,43.14,4568879,b0,ar
967467615,0,259211,1,34,28.46,93363.33,43.20,562637.38,b0,ar
967467615,0,259996,2,39,27.65,93364.47,43.04,102400000,b0,ar
967467615,0,260683,3,44,28.27,93357.79,43.17,750458.06,b0,ar
967467615,0,261370,4,49,28.20,93359.94,43.17,6654752,b0,ar
967467615,0,265764,0,29,28.13,93359.31,43.16,4634795,b0,ar
967467615,0,266549,1,34,28.47,93361.05,43.23,561711.44,b0,ar
967467615,0,267236,2,39,27.66,93361.21,43.10,102400000,b0,ar
967467615,0,267923,3,44,28.28,93360.29,43.24,752111.63,b0,ar
967467615,0,268610,4,49,28.22,93361.06,43.26,6658809,b0,ar
967467615,0,273004,0,29,28.15,93360.81,43.27,4646625,b0,ar
967467615,0,273789,1,34,28.49,93362.12,43.33,562174.06,b0,ar
967467615,0,274476,2,39,27.68,93361.30,43.18,102400000,b0,ar
967467615,0,275163,3,44,28.30,93357.60,43.30,752941.19,b0,ar
967467615,0,275850,4,49,28.24,93364.14,43.30,6679168.50,b0,ar
967467615,0,280254,0,29,28.16,93363.75,43.22,4530973.50,b0,ar
967467615,0,280941,1,34,28.50,93359.09,43.26,561249.69,b0,ar
967467615,0,281726,2,39,27.69,93360.30,43.10,102400000,b0,ar
967467615,0,282413,3,44,28.31,93361.55,43.22,745812.06,b0,ar
967467615,0,283100,4,49,28.24,93363.52,43.19,6610450,b0,ar
967467615,0,287494,0,29,28.17,93358.31,43.08,4611314.50,b0,ar
967467615,0,288279,1,34,28.52,93360.20,43.12,558038.13,b0,ar
967467615,0,288966,2,39,27.70,93357.41,42.96,102400000,b0,ar
967467615,0,289653,3,44,28.32,93361.05,43.08,753772.56,b0,ar
967467615,0,290340,4,49,28.26,93361.64,43.06,6716130.50,b0,ar
967467615,0,294734,0,29,28.19,93356.39,42.98,4650582,b0,ar
967467615,0,295519,1,34,28.53,93360.14,43.02,565433.44,b0,ar
967467615,0,296206,2,39,27.71,93355.58,42.88,102400000,b0,ar
967467615,0,296893,3,44,28.33,93353.64,43.01,750458.06,b0,ar
967467615,0,297580,4,49,28.26,93356,43.01,6658809,b0,ar
967467615,0,301984,0,29,28.21,93355.34,42.97,4702640.50,b0,ar
967467615,0,302671,1,34,28.54,93356.10,43.01,569205.13,b0,ar
967467615,0,303456,2,39,27.73,93358.68,42.86,102400000,b0,ar
967467615,0,304143,3,44,28.35,93355.52,42.97,767760.06,b0,ar
967467615,0,304830,4,49,28.29,93356.48,42.95,6842347,b0,ar
967467615,0,309224,0,29,28.22,93360.43,42.85,4831613,b0,ar
967467615,0,310009,1,34,28.56,93358.98,42.90,574474.06,b0,ar
967467615,0,310696,2,39,27.74,93360.98,42.75,102400000,b0,ar
967467615,0,311383,3,44,28.36,93359.67,42.87,767328.56,b0,ar
967467615,0,312070,4,49,28.29,93360.62,42.85,6863846,b0,ar
967467615,0,316464,0,29,28.22,93362.03,42.83,4776676.50,b0,ar
967467615,0,317249,1,34,28.56,93359.37,42.88,574957.88,b0,ar
967467615,0,317936,2,39,27.74,93356.80,42.74,102400000,b0,ar
967467615,0,318623,3,44,28.37,93361.84,42.86,773413.88,b0,ar
967467615,0,319310,4,49,28.30,93362.80,42.84,6915998.50,b0,ar
967467615,0,323714,0,29,28.23,93360.77,42.71,4999695,b0,ar
967467615,0,324401,1,34,28.57,93359.91,42.75,581818.19,b0,ar
967467615,0,325186,2,39,27.77,93360.27,42.60,102400000,b0,ar
967467615,0,325873,3,44,28.38,93356.78,42.73,780487.81,b0,ar
967467615,0,326560,4,49,28.32,93360.10,42.70,7027235.50,b0,ar
967467615,0,330954,0,29,28.25,93358.26,42.68,4954339.50,b0,ar
967467615,0,331739,1,34,28.59,93360.38,42.73,583309.63,b0,ar
967467615,0,332426,2,39,27.78,93358.79,42.59,102400000,b0,ar
967467615,0,333113,3,44,28.40,93355.66,42.72,776934.75,b0,ar
967467615,0,333800,4,49,28.33,93358.23,42.73,6951209,b0,ar
967467615,0,338194,0,29,28.26,93358.79,42.72,4810334.50,b0,ar
967467615,0,338979,1,34,28.60,93363.70,42.78,577878.13,b0,ar
967467615,0,339666,2,39,27.79,93358.74,42.65,102400000,b0,ar
967467615,0,340353,3,44,28.41,93356.39,42.78,771665.44,b0,ar
967467615,0,341040,4,49,28.34,93359.76,42.77,6812474,b0,ar
967467615,0,345444,0,29,28.28,93359.13,42.74,4666477,b0,ar
967467615,0,346131,1,34,28.61,93360.28,42.79,572546.81,b0,ar
967467615,0,346916,2,39,27.81,93356.47,42.65,102400000,b0,ar
967467615,0,347603,3,44,28.42,93357.74,42.78,765178.38,b0,ar
967467615,0,348290,4,49,28.34,93356.97,42.78,6842347,b0,ar
967467615,0,352684,0,29,28.29,93356.48,42.66,4853080.50,b0,ar
967467615,0,353469,1,34,28.62,93357.44,42.70,576901.44,b0,ar
967467615,0,354156,2,39,27.81,93357.24,42.54,102400000,b0,ar
967467615,0,354843,3,44,28.43,93358.51,42.67,775170.31,b0,ar
967467615,0,355530,4,49,28.35,93355.33,42.65,6964506,b0,ar
967467615,0,359924,0,29,28.29,93356.48,42.58,4896593,b0,ar
967467615,0,360709,1,34,28.61,93351.27,42.63,575928,b0,ar
967467615,0,361396,2,39,27.80,93357.67,42.49,102400000,b0,ar
967467615,0,362083,3,44,28.42,93358.75,42.62,778707.25,b0,ar
967467615,0,362770,4,49,28.34,93357.16,42.62,7009198,b0,ar
967467615,0,367174,0,29,28.28,93357.69,42.57,4976913.50,b0,ar
967467615,0,367861,1,34,28.62,93357.06,42.59,580828.13,b0,ar
967467615,0,368646,2,39,27.81,93358.45,42.44,102400000,b0,ar
967467615,0,369333,3,44,28.43,93359.09,42.54,795958,b0,ar
967467615,0,370020,4,49,28.35,93355.73,42.51,7236749,b0,ar
967467615,0,374414,0,29,28.29,93356.48,42.43,5224490,b0,ar
967467615,0,375101,1,34,28.62,93353.83,42.48,593967.50,b0,ar
967467615,0,375886,2,39,27.82,93358.02,42.36,102400000,b0,ar
967467615,0,376573,3,44,28.43,93356.69,42.47,794106.25,b0,ar
967467615,0,377260,4,49,28.37,93355.04,42.48,7054467,b0,ar
967467615,0,381654,0,29,28.30,93356.63,42.51,4892206.50,b0,ar
967467615,0,382439,1,34,28.63,93354.98,42.58,581322.75,b0,ar
967467615,0,383126,2,39,27.83,93359.32,42.45,102400000,b0,ar
967467615,0,383813,3,44,28.44,93358.60,42.58,789514.25,b0,ar
967467615,0,384500,4,49,28.37,93357.20,42.57,6937963,b0,ar
967467615,0,388894,0,29,28.31,93359.33,42.60,4801875.50,b0,ar
967467615,0,389679,1,34,28.64,93355.30,42.65,581322.75,b0,ar
967467615,0,390366,2,39,27.84,93357.30,42.54,102400000,b0,ar
967467615,0,391053,3,44,28.45,93355.77,42.67,774291.13,b0,ar
967467615,0,391740,4,49,28.39,93355.13,42.67,6924767.50,b0,ar
967467615,0,396144,0,29,28.32,93352.93,42.68,4727063,b0,ar
967467615,0,396831,1,34,28.65,93355.84,42.74,577878.13,b0,ar
967467615,0,397616,2,39,27.85,93359.62,42.62,102400000,b0,ar
967467615,0,398303,3,44,28.47,93356.49,42.74,769057.44,b0,ar
967467615,0,398990,4,49,28.40,93356.05,42.74,6894172,b0,ar
967467615,0,403384,0,29,28.33,93356.63,42.70,4718894,b0,ar
967467615,0,404071,1,34,28.66,93361.77,42.74,573027.44,b0,ar
967467615,0,404856,2,39,27.86,93363.37,42.59,102400000,b0,ar
967467615,0,405543,3,44,28.47,93357.44,42.71,767760.06,b0,ar
967467615,0,406230,4,49,28.41,93357.40,42.70,6820982.50,b0,ar
967467615,0,410624,0,29,28.33,93356.25,42.64,4827342.50,b0,ar
967467615,0,411409,1,34,28.67,93359.94,42.68,575928,b0,ar
967467615,0,412096,2,39,27.86,93359.56,42.54,102400000,b0,ar
967467615,0,412783,3,44,28.48,93358.02,42.67,770359.25,b0,ar
967467615,0,413470,4,49,28.41,93355.43,42.67,6833785,b0,ar
967467615,0,417874,0,29,28.35,93360.33,42.66,4801875.50,b0,ar
967467615,0,418561,1,34,28.68,93359.08,42.71,574474.06,b0,ar
967467615,0,419346,2,39,27.88,93356.68,42.54,102400000,b0,ar
967467615,0,420033,3,44,28.50,93358.90,42.66,780041.88,b0,ar
967467615,0,420720,4,49,28.43,93357.10,42.64,7068162,b0,ar
967467615,0,425114,0,29,28.35,93361.11,42.50,5013464,b0,ar
967467615,0,425899,1,34,28.68,93357.29,42.53,584308.13,b0,ar
967467615,0,426586,2,39,27.88,93355.09,42.39,102400000,b0,ar
967467615,0,427273,3,44,28.50,93357.11,42.52,781381.13,b0,ar
967467615,0,427960,4,49,28.42,93364.73,42.50,6986780.50,b0,ar
967467615,0,432354,0,29,28.35,93361.11,42.48,5013464,b0,ar
967467615,0,433139,1,34,28.69,93362.45,42.52,586819.50,b0,ar
967467615,0,433826,2,39,27.88,93360.87,42.36,102400000,b0,ar
967467615,0,434513,3,44,28.49,93360.14,42.46,795958,b0,ar
967467615,0,435200,4,49,28.42,93363.72,42.44,7227172.50,b0,ar
967467615,0,439604,0,29,28.35,93360.91,42.30,5234505,b0,ar
967467615,0,440291,1,34,28.69,93359.84,42.35,592935.75,b0,ar
967467615,0,441076,2,39,27.88,93360.24,42.20,102400000,b0,ar
967467615,0,441763,3,44,28.51,93361.26,42.33,813990.44,b0,ar
967467615,0,442450,4,49,28.43,93356.87,42.31,7170240.50,b0,ar
967467615,0,446844,0,29,28.36,93356.88,42.31,5145728.50,b0,ar
967467615,0,447629,1,34,28.69,93358.01,42.37,594484.75,b0,ar
967467615,0,448316,2,39,27.89,93358.61,42.23,102400000,b0,ar
967467615,0,449003,3,44,28.51,93360.44,42.36,798284.94,b0,ar
967467615,0,449690,4,49,28.45,93354.60,42.39,7208095,b0,ar
967467615,0,454084,0,29,28.37,93354.41,42.37,5083462.50,b0,ar
967467615,0,454869,1,34,28.71,93357.71,42.44,589861.75,b0,ar
967467615,0,455556,2,39,27.91,93362.33,42.29,102400000,b0,ar
967467615,0,456243,3,44,28.52,93355.17,42.43,789971.06,b0,ar
967467615,0,456930,4,49,28.46,93363.33,42.42,7104943.50,b0,ar
967467615,0,461334,0,29,28.37,93358.99,42.38,4909799,b0,ar
967467615,0,462021,1,34,28.71,93359.94,42.43,587324.38,b0,ar
967467615,0,462806,2,39,27.91,93359.34,42.28,102400000,b0,ar
967467615,0,463493,3,44,28.52,93361.16,42.43,788602.25,b0,ar
967467615,0,464180,4,49,28.45,93359.76,42.41,6977853.50,b0,ar
967467615,0,468574,0,29,28.40,93361.25,42.42,4914217,b0,ar
967467615,0,469359,1,34,28.72,93361.03,42.45,584808.69,b0,ar
967467615,0,470046,2,39,27.92,93362.04,42.31,102400000,b0,ar
967467615,0,470733,3,44,28.54,93357.68,42.43,786784.50,b0,ar
967467615,0,471420,4,49,28.47,93355.09,42.43,7174950.50,b0,ar
967467615,0,475824,0,29,28.40,93357.45,42.35,4940892.50,b0,ar
967467615,0,476511,1,34,28.73,93359.59,42.40,587830.06,b0,ar
967467615,0,477296,2,39,27.92,93356.65,42.26,102400000,b0,ar
967467615,0,477983,3,44,28.54,93357.05,42.39,790428.38,b0,ar
967467615,0,478670,4,49,28.47,93356.86,42.40,7054467,b0,ar
967467615,0,483064,0,29,28.41,93357.20,42.43,4896593,b0,ar
967467615,0,483849,1,34,28.74,93354.96,42.49,581818.19,b0,ar
967467615,0,484536,2,39,27.93,93360.59,42.36,102400000,b0,ar
967467615,0,485223,3,44,28.55,93355.41,42.49,784975.06,b0,ar
967467615,0,485910,4,49,28.48,93352.62,42.50,7027235.50,b0,ar
967467615,0,490304,0,29,28.41,93358.17,42.51,4835891.50,b0,ar
967467615,0,491089,1,34,28.74,93355.53,42.56,580334.38,b0,ar
967467615,0,491776,2,39,27.94,93354.38,42.45,102400000,b0,ar
967467615,0,492463,3,44,28.55,93355.23,42.57,793183.56,b0,ar
967467615,0,493150,4,49,28.49,93352.38,42.57,7009198,b0,ar
967467615,0,497554,0,29,28.41,93357.98,42.57,4823079,b0,ar
967467615,0,498339,1,34,28.74,93355.94,42.61,583309.63,b0,ar
967467615,0,499026,2,39,27.94,93352.36,42.48,102400000,b0,ar
967467615,0,499713,3,44,28.56,93358.55,42.62,785426.63,b0,ar
967467615,0,500400,4,49,28.49,93354.55,42.61,6955635.50,b0,ar
967467615,0,504794,0,29,28.42,93357.35,42.61,4785046.50,b0,ar
967467615,0,505579,1,34,28.74,93351.73,42.67,580334.38,b0,ar
967467615,0,506266,2,39,27.94,93352.16,42.54,102400000,b0,ar
967467615,0,506953,3,44,28.56,93357.35,42.68,781828.56,b0,ar
967467615,0,507640,4,49,28.49,93353.77,42.68,6929160.50,b0,ar
967467615,0,512044,0,29,28.42,93358.56,42.71,4768335.50,b0,ar
967467615,0,512731,1,34,28.75,93355.88,42.76,578858.13,b0,ar
967467615,0,513516,2,39,27.95,93358.91,42.63,102400000,b0,ar
967467615,0,514203,3,44,28.56,93359.75,42.75,771665.44,b0,ar
967467615,0,514890,4,49,28.49,93360.53,42.76,6964506,b0,ar
967467615,0,519284,0,29,28.41,93355.19,42.66,4735260,b0,ar
967467615,0,520069,1,34,28.74,93359.16,42.68,575928,b0,ar
967467615,0,520756,2,39,27.93,93355.83,42.52,102400000,b0,ar
967467615,0,521443,3,44,28.54,93358.27,42.63,783174,b0,ar
967467615,0,522130,4,49,28.47,93352.04,42.59,7132782,b0,ar
967467615,0,526524,0,29,28.40,93356.44,42.37,5116802,b0,ar
967467615,0,527309,1,34,28.74,93357.38,42.39,589861.75,b0,ar
967467615,0,527996,2,39,27.94,93357.55,42.23,102400000,b0,ar
967467615,0,528683,3,44,28.55,93353.43,42.33,812053.94,b0,ar
967467615,0,529370,4,49,28.47,93354.46,42.31,7294746,b0,ar
967467615,0,533774,0,29,28.39,93357.69,42.18,5357750,b0,ar
967467615,0,534461,1,34,28.73,93356.21,42.20,599707.19,b0,ar
967467615,0,535246,2,39,27.92,93353.86,42.06,102400000,b0,ar
967467615,0,535933,3,44,28.54,93352.86,42.20,822820.44,b0,ar
967467615,0,536620,4,49,28.47,93357.64,42.16,7333930,b0,ar
967467615,0,541014,0,29,28.40,93356.44,42.11,5347258.50,b0,ar
967467615,0,541799,1,34,28.73,93357.18,42.15,603417.81,b0,ar
967467615,0,542486,2,39,27.93,93351.44,42.02,102400000,b0,ar
967467615,0,543173,3,44,28.54,93354.26,42.15,809646.19,b0,ar
967467615,0,543860,4,49,28.47,93352.04,42.15,7403524.50,b0,ar
967467615,0,548264,0,29,28.42,93353.16,42.17,5269861.50,b0,ar
967467615,0,548951,1,34,28.75,93354.10,42.23,600762.69,b0,ar
967467615,0,549736,2,39,27.94,93355.34,42.10,102400000,b0,ar
967467615,0,550423,3,44,28.56,93351.37,42.24,806299.19,b0,ar
967467615,0,551110,4,49,28.49,93356.34,42.24,7241547,b0,ar
967467615,0,555504,0,29,28.42,93358.56,42.21,5102460.50,b0,ar
967467615,0,556289,1,34,28.75,93353.89,42.27,592935.75,b0,ar
967467615,0,556976,2,39,27.95,93356.31,42.13,102400000,b0,ar
967467615,0,557663,3,44,28.56,93356.13,42.26,812537.19,b0,ar
967467615,0,558350,4,49,28.50,93355.72,42.24,7246351,b0,ar
967467615,0,562754,0,29,28.43,93356.48,42.28,5189737,b0,ar
967467615,0,563441,1,34,28.76,93357.41,42.33,597084.56,b0,ar
967467615,0,564226,2,39,27.96,93353.28,42.21,102400000,b0,ar
967467615,0,564913,3,44,28.57,93357.68,42.34,802036.44,b0,ar
967467615,0,565600,4,49,28.51,93356.42,42.32,7275311,b0,ar
967467615,0,569994,0,29,28.44,93352.63,42.20,5259711,b0,ar
967467615,0,570681,1,34,28.76,93360.21,42.24,600234.44,b0,ar
967467615,0,571466,2,39,27.96,93358.23,42.08,102400000,b0,ar
967467615,0,572153,3,44,28.58,93356.67,42.20,813021.06,b0,ar
967467615,0,572840,4,49,28.51,93358.85,42.19,7454049,b0,ar
967467615,0,577234,0,29,28.43,93347.91,42.05,5368283,b0,ar
967467615,0,578019,1,34,28.77,93353.99,42.08,605558.81,b0,ar
967467615,0,578706,2,39,27.96,93354.23,41.93,102400000,b0,ar
967467615,0,579393,3,44,28.58,93354.46,42.03,825806.44,b0,ar
967467615,0,580080,4,49,28.52,93354.21,42,7484696,b0,ar
967467615,0,584474,0,29,28.44,93355.04,41.87,5464976.50,b0,ar
967467615,0,585259,1,34,28.76,93357.61,41.90,610432.19,b0,ar
967467615,0,585946,2,39,27.96,93357.66,41.75,102400000,b0,ar
967467615,0,586633,3,44,28.58,93354.46,41.86,831844,b0,ar
967467615,0,587320,4,49,28.51,93349.26,41.85,7578168.50,b0,ar
967467615,0,591724,0,29,28.45,93355.37,41.82,5520215.50,b0,ar
967467615,0,592509,1,34,28.78,93353.70,41.87,608799.06,b0,ar
967467615,0,593196,2,39,27.98,93350.58,41.74,102400000,b0,ar
967467615,0,593883,3,44,28.59,93351.42,41.87,818381.63,b0,ar
967467615,0,594570,4,49,28.52,93350.22,41.87,7510428.50,b0,ar
967467615,0,598964,0,29,28.45,93354.16,41.83,5459513.50,b0,ar
967467615,0,599749,1,34,28.78,93354.51,41.88,614277.13,b0,ar
967467615,0,600436,2,39,27.98,93352.36,41.73,102400000,b0,ar
967467615,0,601123,3,44,28.60,93352.77,41.86,835918.38,b0,ar
967467615,0,601810,4,49,28.53,93354.36,41.85,7474452.50,b0,ar
967467615,0,606214,0,29,28.46,93348.72,41.84,5326398,b0,ar
967467615,0,606999,1,34,28.79,93349.06,41.90,606635.06,b0,ar
967467615,0,607686,2,39,27.99,93356.32,41.77,102400000,b0,ar
967467615,0,608373,3,44,28.61,93347.32,41.91,814476.06,b0,ar
967467615,0,609060,4,49,28.54,93352.28,41.91,7562428,b0,ar
967467615,0,613454,0,29,28.47,93354.46,41.92,5204574.50,b0,ar
967467615,0,614239,1,34,28.80,93356.79,41.97,603417.81,b0,ar
967467615,0,614926,2,39,27.99,93350.49,41.83,102400000,b0,ar
967467615,0,615613,3,44,28.61,93353.68,41.96,814962.19,b0,ar
967467615,0,616300,4,49,28.54,93356.87,41.97,7454049,b0,ar
967467615,0,620704,0,29,28.47,93356.05,41.98,5055230,b0,ar
967467615,0,621489,1,34,28.80,93353.80,42.03,597084.56,b0,ar
967467615,0,622176,2,39,28,93351.84,41.91,102400000,b0,ar
967467615,0,622863,3,44,28.61,93352.66,42.05,801565.56,b0,ar
967467615,0,623550,4,49,28.54,93355.86,42.05,7236749,b0,ar
967467615,0,627954,0,29,28.48,93355.05,42.05,5155443.50,b0,ar
967467615,0,628641,1,34,28.81,93355.96,42.09,598130.81,b0,ar
967467615,0,629426,2,39,28,93353.42,41.94,102400000,b0,ar
967467615,0,630113,3,44,28.62,93355.02,42.07,803452.31,b0,ar
967467615,0,630800,4,49,28.55,93355.03,42.05,7343792,b0,ar
967467615,0,635194,0,29,28.47,93353.25,41.95,5295410.50,b0,ar
967467615,0,635979,1,34,28.80,93356.79,42,603417.81,b0,ar
967467615,0,636666,2,39,28,93354.81,41.86,102400000,b0,ar
967467615,0,637353,3,44,28.62,93356.05,41.98,824808.69,b0,ar
967467615,0,638040,4,49,28.55,93355.23,41.96,7459139.50,b0,ar
967467615,0,642434,0,29,28.47,93354.65,41.95,5357750,b0,ar
967467615,0,643219,1,34,28.81,93352.78,41.99,603951.63,b0,ar
967467615,0,643906,2,39,28,93351.27,41.85,102400000,b0,ar
967467615,0,644593,3,44,28.62,93357.24,41.97,823813.38,b0,ar
967467615,0,645280,4,49,28.55,93357.82,41.96,7500114.50,b0,ar
967467615,0,649684,0,29,28.47,93355.45,41.87,5454061.50,b0,ar
967467615,0,650469,1,34,28.80,93359.20,41.92,609342.44,b0,ar
967467615,0,651156,2,39,27.99,93357.66,41.78,102400000,b0,ar
967467615,0,651843,3,44,28.61,93356.29,41.90,845233.19,b0,ar
967467615,0,652530,4,49,28.55,93359.80,41.90,7531142.50,b0,ar
967467615,0,656924,0,29,28.48,93357.20,41.87,5305699.50,b0,ar
967467615,0,657709,1,34,28.81,93358.75,41.93,603951.63,b0,ar
967467615,0,658396,2,39,28,93351.84,41.80,102400000,b0,ar
967467615,0,659083,3,44,28.62,93355.22,41.93,816424.19,b0,ar
967467615,0,659770,4,49,28.56,93359.19,41.92,7383506,b0,ar
967467615,0,664174,0,29,28.48,93359.18,41.94,5184810,b0,ar
967467615,0,664959,1,34,28.82,93359.91,41.99,599180.81,b0,ar
967467615,0,665646,2,39,28,93359.01,41.85,102400000,b0,ar
967467615,0,666333,3,44,28.63,93359.99,41.98,805348,b0,ar
967467615,0,667020,4,49,28.56,93354.16,41.98,7363595.50,b0,ar
967467615,0,671414,0,29,28.48,93356.20,41.99,5174984,b0,ar
967467615,0,672199,1,34,28.81,93353.36,42.04,603417.81,b0,ar
967467615,0,672886,2,39,28,93352.26,41.89,102400000,b0,ar
967467615,0,673573,3,44,28.62,93348.86,42.01,830831.63,b0,ar
967467615,0,674260,4,49,28.55,93353.20,42.02,7557195.50,b0,ar
967467615,0,678664,0,29,28.48,93356.20,41.99,5331598,b0,ar
967467615,0,679351,1,34,28.83,93354.46,42.04,603417.81,b0,ar
967467615,0,680136,2,39,28.02,93351.35,41.91,102400000,b0,ar
967467615,0,680823,3,44,28.63,93352.56,42.03,823813.38,b0,ar
967467615,0,681510,4,49,28.56,93356.13,42.03,7469341,b0,ar
967467615,0,685904,0,29,28.49,93351.18,42,5074016.50,b0,ar
967467615,0,686689,1,34,28.82,93356.11,42.06,602352.94,b0,ar
967467615,0,687376,2,39,28.01,93352.16,41.93,102400000,b0,ar
967467615,0,688063,3,44,28.63,93355.37,42.06,811089.13,b0,ar
967467615,0,688750,4,49,28.57,93357.73,42.05,7358634.50,b0,ar
967467615,0,693144,0,29,28.48,93356.01,41.99,5229492.50,b0,ar
967467615,0,693929,1,34,28.82,93360.10,42.01,603417.81,b0,ar
967467615,0,694616,2,39,28.01,93358.97,41.86,102400000,b0,ar
967467615,0,695303,3,44,28.63,93352.75,41.96,828814.25,b0,ar
967467615,0,695990,4,49,28.56,93354.73,41.94,7459139.50,b0,ar
967467615,0,700384,0,29,28.48,93351.42,41.79,5548256,b0,ar
967467615,0,701169,1,34,28.81,93354.55,41.82,614830.38,b0,ar
967467615,0,701856,2,39,28,93352.21,41.68,102400000,b0,ar
967467615,0,702543,3,44,28.62,93352.04,41.80,837970.56,b0,ar
967467615,0,703230,4,49,28.55,93355.61,41.79,7657864,b0,ar
967467615,0,707634,0,29,28.48,93351.03,41.66,5704735.50,b0,ar
967467615,0,708321,1,34,28.81,93354.38,41.70,621547.81,b0,ar
967467615,0,709106,2,39,28,93348.47,41.53,102400000,b0,ar
967467615,0,709793,3,44,28.62,93353.63,41.64,841067.75,b0,ar
967467615,0,710480,4,49,28.56,93351.17,41.64,7873138,b0,ar
967467615,0,714874,0,29,28.48,93355.05,41.61,5639931,b0,ar
967467615,0,715659,1,34,28.81,93355.77,41.68,619292.44,b0,ar
967467615,0,716346,2,39,28,93357.02,41.54,102400000,b0,ar
967467615,0,717033,3,44,28.62,93350.64,41.70,831844,b0,ar
967467615,0,717720,4,49,28.55,93354.59,41.71,7684803,b0,ar
967467615,0,722114,0,29,28.48,93356.45,41.79,5394797.50,b0,ar
967467615,0,722899,1,34,28.82,93357.50,41.85,615384.63,b0,ar
967467615,0,723586,2,39,28,93351.27,41.72,102400000,b0,ar
967467615,0,724273,3,44,28.62,93357.24,41.84,834896.06,b0,ar
967467615,0,724960,4,49,28.54,93355.27,41.83,7739253.50,b0,ar
967467615,0,729364,0,29,28.47,93348.68,41.75,5599453,b0,ar
967467615,0,730051,1,34,28.80,93356.59,41.78,618731.13,b0,ar
967467615,0,730836,2,39,28,93350.87,41.63,102400000,b0,ar
967467615,0,731523,3,44,28.61,93354.07,41.74,844187.94,b0,ar
967467615,0,732210,4,49,28.55,93355.41,41.72,7695632,b0,ar
967467615,0,736604,0,29,28.48,93353.59,41.61,5663325.50,b0,ar
967467615,0,737389,1,34,28.82,93354.32,41.66,622114.19,b0,ar
967467615,0,738076,2,39,28,93349.05,41.51,102400000,b0,ar
967467615,0,738763,3,44,28.62,93354.01,41.64,841586.19,b0,ar
967467615,0,739450,4,49,28.55,93357.21,41.62,7772296,b0,ar
967467615,0,743844,0,29,28.49,93356.96,41.64,5587994.50,b0,ar
967467615,0,744629,1,34,28.81,93356.35,41.71,619292.44,b0,ar
967467615,0,745316,2,39,28.01,93352.41,41.56,102400000,b0,ar
967467615,0,746003,3,44,28.62,93358.41,41.71,837970.56,b0,ar
967467615,0,746690,4,49,28.56,93354.16,41.72,7717381,b0,ar
967467615,0,751084,0,29,28.49,93348.58,41.80,5400132,b0,ar
967467615,0,751869,1,34,28.83,93359.04,41.86,613173.63,b0,ar
967467615,0,752556,2,39,28.01,93349.58,41.75,102400000,b0,ar
967467615,0,753243,3,44,28.63,93352.75,41.88,823316.56,b0,ar
967467615,0,753930,4,49,28.57,93355.72,41.89,7636448.50,b0,ar
967467615,0,758334,0,29,28.50,93353.92,41.89,5285161.50,b0,ar
967467615,0,759021,1,34,28.83,93354.02,41.95,607715.13,b0,ar
967467615,0,759806,2,39,28.02,93347.93,41.80,102400000,b0,ar
967467615,0,760493,3,44,28.64,93355.49,41.94,834385.81,b0,ar
967467615,0,761180,4,49,28.58,93355.47,41.94,7418610,b0,ar
967467615,0,765574,0,29,28.50,93356.66,42.02,5174984,b0,ar
967467615,0,766261,1,34,28.84,93358.16,42.09,605558.81,b0,ar
967467615,0,767046,2,39,28.03,93352.70,41.96,102400000,b0,ar
967467615,0,767733,3,44,28.64,93357.09,42.12,813021.06,b0,ar
967467615,0,768420,4,49,28.58,93353.88,42.13,7353680.50,b0,ar
967467615,0,772814,0,29,28.50,93356.66,42.18,5249599.50,b0,ar
967467615,0,773501,1,34,28.84,93359.37,42.24,602352.94,b0,ar
967467615,0,774286,2,39,28.03,93354.68,42.11,102400000,b0,ar
967467615,0,774973,3,44,28.65,93356.28,42.24,810607.56,b0,ar
967467615,0,775660,4,49,28.58,93355.47,42.24,7309391,b0,ar
967467615,0,780054,0,29,28.51,93354.45,42.24,5155443.50,b0,ar
967467615,0,780741,1,34,28.84,93353.77,42.30,596041.94,b0,ar
967467615,0,781526,2,39,28.03,93352.08,42.16,102400000,b0,ar
967467615,0,782213,3,44,28.65,93358.88,42.30,814962.19,b0,ar
967467615,0,782900,4,49,28.58,93354.63,42.32,7246351,b0,ar
967467615,0,787294,0,29,28.51,93356.06,42.35,5041231,b0,ar
967467615,0,787981,1,34,28.85,93359.14,42.41,593967.50,b0,ar
967467615,0,788766,2,39,28.03,93354.48,42.29,102400000,b0,ar
967467615,0,789453,3,44,28.65,93355.44,42.43,802036.44,b0,ar
967467615,0,790140,4,49,28.58,93354.84,42.44,7156147.50,b0,ar
967467615,0,794534,0,29,28.52,93357.20,42.42,4967859.50,b0,ar
967467615,0,795319,1,34,28.85,93359.91,42.46,589861.75,b0,ar
967467615,0,796006,2,39,28.04,93357.42,42.30,102400000,b0,ar
967467615,0,796693,3,44,28.66,93357.82,42.42,799219.50,b0,ar
967467615,0,797380,4,49,28.59,93355.80,42.40,7123478.50,b0,ar
967467615,0,801774,0,29,28.52,93354.80,42.29,4940892.50,b0,ar
967467615,0,802559,1,34,28.85,93352.72,42.33,589352.50,b0,ar
967467615,0,803246,2,39,28.04,93352.22,42.19,102400000,b0,ar
967467615,0,803933,3,44,28.66,93353.80,42.30,804399.06,b0,ar
967467615,0,804620,4,49,28.59,93355.16,42.29,7156147.50,b0,ar
967467615,0,809014,0,29,28.52,93353.40,42.25,5013464,b0,ar
967467615,0,809799,1,34,28.86,93359.28,42.30,588336.69,b0,ar
967467615,0,810486,2,39,28.05,93359.16,42.16,102400000,b0,ar
967467615,0,811173,3,44,28.67,93356.38,42.30,802979.81,b0,ar
967467615,0,811860,4,49,28.60,93358.36,42.30,7170240.50,b0,ar
967467615,0,816254,0,29,28.52,93359.75,42.32,4905389,b0,ar
967467615,0,817039,1,34,28.86,93356.48,42.38,583808.44,b0,ar
967467615,0,817726,2,39,28.05,93353,42.25,102400000,b0,ar
967467615,0,818413,3,44,28.66,93355.61,42.39,787692.31,b0,ar
967467615,0,819100,4,49,28.59,93357.59,42.39,7128127,b0,ar
967467615,0,823504,0,29,28.53,93354.55,42.35,4896593,b0,ar
967467615,0,824191,1,34,28.86,93357.05,42.39,588844.19,b0,ar
967467615,0,824976,2,39,28.05,93350.77,42.25,102400000,b0,ar
967467615,0,825663,3,44,28.67,93357.34,42.37,801565.56,b0,ar
967467615,0,826350,4,49,28.60,93349.53,42.38,7031759.50,b0,ar
967467615,0,830744,0,29,28.53,93354.36,42.34,4909799,b0,ar
967467615,0,831431,1,34,28.86,93352.29,42.38,585310.06,b0,ar
967467615,0,832216,2,39,28.05,93352.17,42.23,102400000,b0,ar
967467615,0,832903,3,44,28.67,93352.18,42.36,800625.50,b0,ar
967467615,0,833590,4,49,28.60,93358.11,42.35,7063591.50,b0,ar
967467615,0,837984,0,29,28.53,93353.35,42.29,4892206.50,b0,ar
967467615,0,838769,1,34,28.87,93357.82,42.33,585310.06,b0,ar
967467615,0,839456,2,39,28.05,93350.77,42.19,102400000,b0,ar
967467615,0,840143,3,44,28.67,93359.94,42.31,791344.69,b0,ar
967467615,0,840830,4,49,28.60,93354.92,42.29,7208095,b0,ar
967467615,0,845234,0,29,28.53,93357.73,42.18,4940892.50,b0,ar
967467615,0,845921,1,34,28.86,93358.45,42.22,583808.44,b0,ar
967467615,0,846706,2,39,28.05,93351.59,42.08,102400000,b0,ar
967467615,0,847393,3,44,28.66,93354.78,42.19,789971.06,b0,ar
967467615,0,848080,4,49,28.59,93357.77,42.18,7114199,b0,ar
967467615,0,852474,0,29,28.51,93356.62,42.13,5088199,b0,ar
967467615,0,853161,1,34,28.84,93358.56,42.17,592935.75,b0,ar
967467615,0,853946,2,39,28.02,93356.30,42.02,102400000,b0,ar
967467615,0,854633,3,44,28.64,93357.72,42.15,792723.06,b0,ar
967467615,0,855320,4,49,28.58,93355.47,42.13,7373537.50,b0,ar
967467615,0,859714,0,29,28.51,93356.87,42.07,5285161.50,b0,ar
967467615,0,860499,1,34,28.84,93358.37,42.10,599707.19,b0,ar
967467615,0,861186,2,39,28.02,93353.71,41.95,102400000,b0,ar
967467615,0,861873,3,44,28.65,93353.29,42.06,814476.06,b0,ar
967467615,0,862560,4,49,28.58,93356.67,42.04,7408546,b0,ar
967467615,0,866954,0,29,28.51,93353.46,41.95,5342028,b0,ar
967467615,0,867739,1,34,28.85,93358.12,41.99,605558.81,b0,ar
967467615,0,868426,2,39,28.04,93350.45,41.84,102400000,b0,ar
967467615,0,869113,3,44,28.66,93354,41.98,813021.06,b0,ar
967467615,0,869800,4,49,28.59,93361.21,41.96,7474452.50,b0,ar
967467615,0,874204,0,29,28.52,93353.77,41.95,5326398,b0,ar
967467615,0,874891,1,34,28.86,93354.90,42,602352.94,b0,ar
967467615,0,875676,2,39,28.04,93351.21,41.88,102400000,b0,ar
967467615,0,876363,3,44,28.66,93353.80,42,825806.44,b0,ar
967467615,0,877050,4,49,28.59,93356.19,42,7403524.50,b0,ar
967467615,0,881444,0,29,28.53,93354.93,42.04,5179892.50,b0,ar
967467615,0,882229,1,34,28.86,93357.05,42.09,599180.81,b0,ar
967467615,0,882916,2,39,28.05,93355.16,41.96,102400000,b0,ar
967467615,0,883603,3,44,28.67,93356.55,42.07,815936.25,b0,ar
967467615,0,884290,4,49,28.60,93352.32,42.07,7393502,b0,ar
967467615,0,888684,0,29,28.53,93355.76,41.97,5336808,b0,ar
967467615,0,889469,1,34,28.86,93356.88,41.99,604486.44,b0,ar
967467615,0,890156,2,39,28.04,93352.61,41.83,102400000,b0,ar
967467615,0,890843,3,44,28.66,93355.61,41.93,837970.56,b0,ar
967467615,0,891530,4,49,28.60,93354.35,41.89,7750236.50,b0,ar
967467615,0,895934,0,29,28.52,93355.56,41.73,5610959,b0,ar
967467615,0,896621,1,34,28.86,93360.86,41.77,614830.38,b0,ar
967467615,0,897406,2,39,28.05,93353.39,41.63,102400000,b0,ar
967467615,0,898093,3,44,28.66,93358.40,41.75,848384.44,b0,ar
967467615,0,898780,4,49,28.60,93358.36,41.75,7805621.50,b0,ar
967467615,0,903174,0,29,28.54,93355.47,41.76,5686914.50,b0,ar
967467615,0,903959,1,34,28.87,93363.19,41.80,616496.06,b0,ar
967467615,0,904646,2,39,28.06,93351.12,41.67,102400000,b0,ar
967467615,0,905333,3,44,28.68,93356.70,41.78,846281,b0,ar
967467615,0,906020,4,49,28.61,93357.48,41.77,7794481.50,b0,ar
967467615,0,910424,0,29,28.54,93351.66,41.68,5710700.50,b0,ar
967467615,0,911111,1,34,28.87,93359.18,41.71,623250.13,b0,ar
967467615,0,911896,2,39,28.06,93354.49,41.55,102400000,b0,ar
967467615,0,912583,3,44,28.68,93356.28,41.68,842105.25,b0,ar
967467615,0,913270,4,49,28.61,93359.47,41.67,7918801.50,b0,ar
967467615,0,917664,0,29,28.55,93360.25,41.65,5680998.50,b0,ar
967467615,0,918449,1,34,28.89,93359.70,41.70,621547.81,b0,ar
967467615,0,919136,2,39,28.07,93356.27,41.55,102400000,b0,ar
967467615,0,919823,3,44,28.68,93356.09,41.69,834385.81,b0,ar
967467615,0,920510,4,49,28.61,93362.27,41.69,7794481.50,b0,ar
967467615,0,924904,0,29,28.54,93355.08,41.73,5576582.50,b0,ar
967467615,0,925689,1,34,28.88,93358.16,41.77,624961.88,b0,ar
967467615,0,926376,2,39,28.06,93354.30,41.63,102400000,b0,ar
967467615,0,927063,3,44,28.69,93355.25,41.76,847331.38,b0,ar
967467615,0,927750,4,49,28.62,93356.23,41.76,7850503,b0,ar
967467615,0,932154,0,29,28.55,93355.03,41.70,5716678.50,b0,ar
967467615,0,932841,1,34,28.88,93358.95,41.74,615384.63,b0,ar
967467615,0,933626,2,39,28.06,93350.12,41.59,102400000,b0,ar
967467615,0,934313,3,44,28.68,93354.29,41.73,845233.19,b0,ar
967467615,0,935000,4,49,28.61,93350.88,41.72,7728302,b0,ar
967467615,0,939394,0,29,28.53,93354.31,41.72,5520215.50,b0,ar
967467615,0,940081,1,34,28.86,93357.05,41.76,617611.56,b0,ar
967467615,0,940866,2,39,28.05,93350.41,41.60,102400000,b0,ar
967467615,0,941553,3,44,28.67,93354.34,41.72,841067.75,b0,ar
967467615,0,942240,4,49,28.60,93352.13,41.70,7861804,b0,ar
967467615,0,946634,0,29,28.54,93351.09,41.62,5616729.50,b0,ar
967467615,0,947419,1,34,28.87,93351.61,41.68,620982.44,b0,ar
967467615,0,948106,2,39,28.07,93349.29,41.55,102400000,b0,ar
967467615,0,948793,3,44,28.68,93351.89,41.68,854757.94,b0,ar
967467615,0,949480,4,49,28.61,93351.27,41.68,7827998,b0,ar
967467615,0,953884,0,29,28.55,93357.45,41.64,5645761.50,b0,ar
967467615,0,954571,1,34,28.88,93357.16,41.69,626683,b0,ar
967467615,0,955356,2,39,28.07,93348.09,41.54,102400000,b0,ar
967467615,0,956043,3,44,28.69,93349.86,41.68,840550,b0,ar
967467615,0,956730,4,49,28.62,93358.84,41.67,7839234.50,b0,ar
967467615,0,961124,0,29,28.55,93355.41,41.68,5576582.50,b0,ar
967467615,0,961909,1,34,28.89,93357.10,41.74,618731.13,b0,ar
967467615,0,962596,2,39,28.08,93350.83,41.61,102400000,b0,ar
967467615,0,963283,3,44,28.70,93353.19,41.75,848384.44,b0,ar
967467615,0,963970,4,49,28.63,93348.81,41.76,7631113,b0,ar
967467615,0,968364,0,29,28.56,93352.77,41.80,5448620,b0,ar
967467615,0,969149,1,34,28.90,93351.27,41.87,613173.63,b0,ar
967467615,0,969836,2,39,28.09,93352.18,41.74,102400000,b0,ar
967467615,0,970523,3,44,28.71,93351.55,41.88,831844,b0,ar
967467615,0,971210,4,49,28.63,93347.79,41.88,7546752.50,b0,ar
967467615,0,975614,0,29,28.57,93353.73,41.85,5229492.50,b0,ar
967467615,0,976301,1,34,28.90,93352.66,41.90,606635.06,b0,ar
967467615,0,977086,2,39,28.09,93352.56,41.76,102400000,b0,ar
967467615,0,977773,3,44,28.70,93353.76,41.90,822324.81,b0,ar
967467615,0,978460,4,49,28.64,93357.34,41.91,7557195.50,b0,ar
967467615,0,982854,0,29,28.57,93352.13,41.83,5443189.50,b0,ar
967467615,0,983639,1,34,28.90,93355.41,41.86,609886.81,b0,ar
967467615,0,984326,2,39,28.09,93352.38,41.70,102400000,b0,ar
967467615,0,985013,3,44,28.71,93358.34,41.81,831844,b0,ar
967467615,0,985700,4,49,28.63,93354.15,41.78,7690213.50,b0,ar
967467615,0,990094,0,29,28.56,93353.77,41.59,5740715,b0,ar
967467615,0,990879,1,34,28.89,93358.70,41.63,624390.25,b0,ar
967467615,0,991566,2,39,28.07,93353.25,41.48,102400000,b0,ar
967467615,0,992253,3,44,28.70,93348.79,41.60,849440.06,b0,ar
967467615,0,992940,4,49,28.62,93354.01,41.58,7878817,b0,ar
967467615,0,997344,0,29,28.57,93354.12,41.55,5771046,b0,ar
967467615,0,998031,1,34,28.89,93360.86,41.60,627835.69,b0,ar
967467615,0,998816,2,39,28.08,93353.38,41.47,102400000,b0,ar
967467615,0,999503,3,44,28.70,93354.77,41.61,846805.88,b0,ar
967467615,0,1000190,4,49,28.63,93352.56,41.61,7890200,b0,ar
967467615,0,1004584,0,29,28.56,93354.73,41.63,5525801,b0,ar
967467615,0,1005369,1,34,28.89,93357.67,41.68,619292.44,b0,ar
967467615,0,1006056,2,39,28.08,93349.82,41.54,102400000,b0,ar
967467615,0,1006743,3,44,28.69,93355.20,41.68,850498.31,b0,ar
967467615,0,1007430,4,49,28.63,93355.55,41.69,7641791,b0,ar
967467615,0,1011824,0,29,28.56,93353.34,41.67,5599453,b0,ar
967467615,0,1012609,1,34,28.90,93355.45,41.72,620418.06,b0,ar
967467615,0,1013296,2,39,28.09,93351.37,41.57,102400000,b0,ar
967467615,0,1013983,3,44,28.71,93355.54,41.71,842625,b0,ar
967467615,0,1014670,4,49,28.63,93353.77,41.70,7706491,b0,ar
967467615,0,1019074,0,29,28.57,93353.92,41.64,5616729.50,b0,ar
967467615,0,1019761,1,34,28.90,93353.63,41.69,624390.25,b0,ar
967467615,0,1020546,2,39,28.09,93352.76,41.53,102400000,b0,ar
967467615,0,1021233,3,44,28.71,93356.31,41.64,847331.38,b0,ar
967467615,0,1021920,4,49,28.64,93350.73,41.61,7982460.50,b0,ar
967467615,0,1026314,0,29,28.56,93358.75,41.51,5771046,b0,ar
967467615,0,1027099,1,34,28.90,93356.86,41.55,627835.69,b0,ar
967467615,0,1027786,2,39,28.08,93353.38,41.42,102400000,b0,ar
967467615,0,1028473,3,44,28.69,93354.23,41.55,859060.38,b0,ar
967467615,0,1029160,4,49,28.62,93355.61,41.54,7988298.50,b0,ar
967467615,0,1033554,0,29,28.56,93351.99,41.51,5814052.50,b0,ar
967467615,0,1034339,1,34,28.89,93356.91,41.56,629572.69,b0,ar
967467615,0,1035026,2,39,28.07,93353.25,41.42,102400000,b0,ar
967467615,0,1035713,3,44,28.69,93349.23,41.56,865595.94,b0,ar
967467615,0,1036400,4,49,28.62,93348.62,41.56,7884504.50,b0,ar
967467615,0,1040804,0,29,28.56,93353.34,41.57,5704735.50,b0,ar
967467615,0,1041589,1,34,28.89,93353.48,41.62,622681.69,b0,ar
967467615,0,1042276,2,39,28.08,93349.01,41.49,102400000,b0,ar
967467615,0,1042963,3,44,28.70,93348.79,41.61,839000.44,b0,ar
967467615,0,1043650,4,49,28.63,93355.37,41.62,7761250.50,b0,ar
967467615,0,1048044,0,29,28.56,93354.35,41.64,5542625,b0,ar
967467615,0,1048829,1,34,28.90,93356.42,41.69,618731.13,b0,ar
967467615,0,1049516,2,39,28.09,93351.94,41.57,102400000,b0,ar
967467615,0,1050203,3,44,28.71,93354.34,41.70,835918.38,b0,ar
967467615,0,1050890,4,49,28.63,93352.56,41.70,7827998,b0,ar
967467615,0,1055294,0,29,28.57,93352.91,41.67,5565217.50,b0,ar
967467615,0,1056079,1,34,28.91,93358.41,41.73,622114.19,b0,ar
967467615,0,1056766,2,39,28.10,93352.33,41.58,102400000,b0,ar
967467615,0,1057453,3,44,28.71,93355.94,41.73,826806.63,b0,ar
967467615,0,1058140,4,49,28.64,93354.92,41.72,7739253.50,b0,ar
967467615,0,1062534,0,29,28.57,93350.50,41.72,5384160.50,b0,ar
967467615,0,1063319,1,34,28.91,93354.59,41.78,617053.31,b0,ar
967467615,0,1064006,2,39,28.10,93348.14,41.64,102400000,b0,ar
967467615,0,1064693,3,44,28.71,93350.73,41.77,840032.81,b0,ar
967467615,0,1065380,4,49,28.65,93352.09,41.76,7663236.50,b0,ar
967467615,0,1069784,0,29,28.58,93351.84,41.76,5378857.50,b0,ar
967467615,0,1070569,1,34,28.92,93356.90,41.81,612074.13,b0,ar
967467615,0,1071256,2,39,28.11,93347.27,41.68,102400000,b0,ar
967467615,0,1071943,3,44,28.73,93354.63,41.80,826806.63,b0,ar
967467615,0,1072630,4,49,28.66,93350.64,41.79,7515596.50,b0,ar
967467615,0,1077024,0,29,28.59,93349.20,41.75,5254650.50,b0,ar
967467615,0,1077809,1,34,28.93,93353.48,41.80,606635.06,b0,ar
967467615,0,1078496,2,39,28.11,93352.23,41.66,102400000,b0,ar
967467615,0,1079183,3,44,28.73,93352.79,41.79,833367.25,b0,ar
967467615,0,1079870,4,49,28.66,93358.98,41.78,7510428.50,b0,ar
967467615,0,1084274,0,29,28.61,93353.48,41.77,5331598,b0,ar
967467615,0,1085059,1,34,28.94,93357.38,41.83,607715.13,b0,ar
967467615,0,1085746,2,39,28.13,93346.55,41.70,102400000,b0,ar
967467615,0,1086433,3,44,28.75,93355.88,41.84,827307.63,b0,ar
967467615,0,1087120,4,49,28.67,93350.73,41.83,7464237,b0,ar
967467615,0,1091514,0,29,28.58,93357.63,41.85,5389473.50,b0,ar
967467615,0,1092299,1,34,28.91,93356.37,41.93,605558.81,b0,ar
967467615,0,1092986,2,39,28.11,93353.88,41.82,102400000,b0,ar
967467615,0,1093673,3,44,28.72,93355.69,41.98,829821.69,b0,ar
967467615,0,1094360,4,49,28.65,93352.09,42,7631113,b0,ar
967467615,0,1098764,0,29,28.62,93354.84,43.35,5165195.50,b0,ar
967467615,0,1099451,1,34,28.97,93360.65,43.86,575442.56,b0,ar
967467615,0,1100236,2,39,28.17,93356.34,44.22,102400000,b0,ar
967467615,0,1100923,3,44,28.79,93358.28,44.83,743375.69,b0,ar
967467615,0,1101610,4,49,28.72,93354.85,45.26,6787075.50,b0,ar
967467615,0,1106004,0,29,28.67,93360.13,46.58,4523467.50,b0,ar
967467615,0,1106789,1,34,29.02,93361.75,46.68,558951.94,b0,ar
967467615,0,1107476,2,39,28.20,93354.18,46.64,102400000,b0,ar
967467615,0,1108163,3,44,28.79,93354.66,46.82,742567.06,b0,ar
967467615,0,1108850,4,49,28.74,93353.37,46.72,6761865.50,b0,ar
967467615,0,1113254,0,29,28.70,93353.76,45.05,4927519,b0,ar
967467615,0,1113941,1,34,29.04,93357.41,44.87,576901.44,b0,ar
967467615,0,1114726,2,39,28.24,93351.95,44.51,102400000,b0,ar
967467615,0,1115413,3,44,28.85,93357.30,44.45,788147,b0,ar
967467615,0,1116100,4,49,28.79,93355.48,44.28,7160839,b0,ar
967467615,0,1120494,0,29,28.71,93353.14,43.36,5102460.50,b0,ar
967467615,0,1121279,1,34,29.05,93347.56,43.31,585812.38,b0,ar
967467615,0,1121966,2,39,28.24,93351.33,43.07,102400000,b0,ar
967467615,0,1122653,3,44,28.86,93354.84,43.13,800625.50,b0,ar
967467615,0,1123340,4,49,28.79,93352.89,43.04,7338858,b0,ar
967467615,0,1127734,0,29,28.71,93349.52,42.72,5160315,b0,ar
967467615,0,1128519,1,34,29.05,93354.37,42.74,591907.50,b0,ar
967467615,0,1129206,2,39,28.24,93350.37,42.60,102400000,b0,ar
967467615,0,1129893,3,44,28.85,93354.70,42.70,793183.56,b0,ar
967467615,0,1130580,4,49,28.78,93352.93,42.70,7227172.50,b0,ar
967467615,0,1134984,0,29,28.70,93353.56,42.56,5126408,b0,ar
967467615,0,1135671,1,34,29.04,93356.82,42.60,592935.75,b0,ar
967467615,0,1136456,2,39,28.23,93354.99,42.46,102400000,b0,ar
967467615,0,1137143,3,44,28.85,93360.54,42.56,808687.06,b0,ar
967467615,0,1137830,4,49,28.77,93356.99,42.54,7343792,b0,ar
967467615,0,1142224,0,29,28.66,93358.98,42.48,5219496.50,b0,ar
967467615,0,1142911,1,34,29.02,93362.52,42.63,588844.19,b0,ar
967467615,0,1143696,2,39,28.23,93353.02,42.58,102400000,b0,ar
967467615,0,1144383,3,44,28.88,93359.37,42.82,799687.63,b0,ar
967467615,0,1145070,4,49,28.83,93356.81,42.89,7198594,b0,ar
967467615,0,1149464,0,29,28.83,93355.63,42.84,5155443.50,b0,ar
967467615,0,1150249,1,34,29.19,93356.54,42.84,589861.75,b0,ar
967467615,0,1150936,2,39,28.41,93355.19,42.67,102400000,b0,ar
967467615,0,1151623,3,44,29.05,93357.16,42.74,806299.19,b0,ar
967467615,0,1152310,4,49,29.03,93353.13,42.68,7363595.50,b0,ar
967467615,0,1156704,0,29,29.05,93349.21,42.40,5126408,b0,ar
967467615,0,1157489,1,34,29.41,93354.66,42.44,587830.06,b0,ar
967467615,0,1158176,2,39,28.61,93347.13,42.29,102400000,b0,ar
967467615,0,1158863,3,44,29.23,93346.09,42.42,796422.31,b0,ar
967467615,0,1159550,4,49,29.19,93350.17,42.41,7208095,b0,ar
967467615,0,1163954,0,29,29.23,93352.13,42.34,4995122,b0,ar
967467615,0,1164641,1,34,29.57,93350.11,42.40,585812.38,b0,ar
967467615,0,1165426,2,39,28.76,93351.44,42.26,102400000,b0,ar
967467615,0,1166113,3,44,29.39,93351.38,42.38,789514.25,b0,ar
967467615,0,1166800,4,49,29.34,93354.07,42.36,7208095,b0,ar
967467615,0,1171194,0,29,29.39,93355.78,42.18,5022685.50,b0,ar
967467615,0,1171881,1,34,29.75,93352.41,42.21,580828.13,b0,ar
967467615,0,1172666,2,39,28.94,93351.21,42.04,102400000,b0,ar
967467615,0,1173353,3,44,29.60,93351.91,42.14,790428.38,b0,ar
967467615,0,1174040,4,49,29.56,93353.59,42.12,7160839,b0,ar
967467615,0,1178434,0,29,29.64,93351.65,41.92,4896593,b0,ar
967467615,0,1179219,1,34,29.98,93350.95,41.93,576901.44,b0,ar
967467615,0,1179906,2,39,29.18,93355.63,41.76,102400000,b0,ar
967467615,0,1180593,3,44,29.82,93353.96,41.84,792263.06,b0,ar
967467615,0,1181280,4,49,29.77,93346.70,41.80,7072739,b0,ar
967467615,0,1185674,0,29,29.84,93350.48,41.50,4887828,b0,ar
967467615,0,1186459,1,34,30.18,93354.34,41.50,573027.44,b0,ar
967467615,0,1187146,2,39,29.37,93353.71,41.32,102400000,b0,ar
967467615,0,1187833,3,44,30.01,93354.42,41.42,784524.06,b0,ar
967467615,0,1188520,4,49,29.97,93355.27,41.38,7063591.50,b0,ar
967467615,0,1192924,0,29,30.07,93359.64,41.13,4857397,b0,ar
967467615,0,1193611,1,34,30.43,93354.13,41.14,569205.13,b0,ar
967467615,0,1194396,2,39,29.62,93353.80,40.96,102400000,b0,ar
967467615,0,1195083,3,44,30.27,93358.77,41.05,772976.06,b0,ar
967467615,0,1195770,4,49,30.23,93358.02,41.03,6929160.50,b0,ar
967467615,0,1200164,0,29,30.30,93361.41,40.76,4785046.50,b0,ar
967467615,0,1200949,1,34,30.67,93359.05,40.77,563101.44,b0,ar
967467615,0,1201636,2,39,29.87,93358.86,40.61,102400000,b0,ar
967467615,0,1202323,3,44,30.52,93356.77,40.70,769057.44,b0,ar
967467615,0,1203010,4,49,30.47,93358.90,40.64,6803986.50,b0,ar
967467615,0,1207404,0,29,30.52,93357.59,40.44,4442516.50,b0,cigarro
967467615,0,1208189,1,34,30.87,93361.31,40.46,544680.88,b0,cigarro
967467615,0,1208876,2,39,30.06,93358.88,40.31,102400000,b0,cigarro
967467615,0,1209563,3,44,30.72,93359.91,40.41,736161.06,b0,cigarro
967467615,0,1210250,4,49,30.66,93356.88,40.37,6450393.50,b0,cigarro
967467615,0,1214654,0,29,30.71,93359.60,40.04,4399570.50,b0,cigarro
967467615,0,1215341,1,34,31.07,93355.96,40.04,545551.44,b0,cigarro
967467615,0,1216126,2,39,30.25,93360.27,39.85,102400000,b0,cigarro
967467615,0,1216813,3,44,30.89,93356.98,39.95,744186.06,b0,cigarro
967467615,0,1217500,4,49,30.83,93356.74,39.90,6535301,b0,cigarro
967467615,0,1221894,0,29,30.85,93350.84,39.61,4542279,b0,cigarro
967467615,0,1222581,1,34,31.21,93354.45,39.63,549946.31,b0,cigarro
967467615,0,1223366,2,39,30.41,93351.30,39.47,102400000,b0,cigarro
967467615,0,1224053,3,44,31.04,93353.96,39.57,746627.75,b0,cigarro
967467615,0,1224740,4,49,30.99,93354.12,39.53,6527490,b0,cigarro
967467615,0,1229134,0,29,30.99,93350.68,39.31,4489997.50,b0,cigarro
967467615,0,1229919,1,34,31.34,93356.80,39.32,549946.31,b0,cigarro
967467615,0,1230606,2,39,30.54,93350.47,39.16,102400000,b0,cigarro
967467615,0,1231293,3,44,31.18,93354.23,39.26,744186.06,b0,cigarro
967467615,0,1231980,4,49,31.13,93353.76,39.23,6531393.50,b0,cigarro
967467615,0,1236374,0,29,31.15,93352.63,39.06,4453384,b0,cigarro
967467615,0,1237159,1,34,31.51,93356.25,39.07,543813.06,b0,cigarro
967467615,0,1237846,2,39,30.69,93353.27,38.93,102400000,b0,cigarro
967467615,0,1238533,3,44,31.33,93351.45,39.03,734576.75,b0,cigarro
967467615,0,1239220,4,49,31.28,93355.37,39.01,6423838.50,b0,cigarro
967467615,0,1243624,0,29,31.27,93357.03,38.86,4420939,b0,cigarro
967467615,0,1244311,1,34,31.64,93355.35,38.89,543380.19,b0,cigarro
967467615,0,1245096,2,39,30.82,93352.40,38.73,102400000,b0,cigarro
967467615,0,1245783,3,44,31.45,93355.01,38.84,738550.31,b0,cigarro
967467615,0,1246470,4,49,31.39,93357.66,38.82,6412524.50,b0,cigarro
967467615,0,1250864,0,29,31.35,93351.52,38.70,4428108,b0,cigarro
967467615,0,1251649,1,34,31.71,93356.85,38.73,542085.75,b0,cigarro
967467615,0,1252336,2,39,30.88,93356.85,38.60,102400000,b0,cigarro
967467615,0,1253023,3,44,31.52,93360.79,38.71,734576.75,b0,cigarro
967467615,0,1253710,4,49,31.45,93358.84,38.70,6427618.50,b0,cigarro
967467615,0,1258104,0,29,31.37,93357.21,38.58,4428108,b0,cigarro
967467615,0,1258889,1,34,31.72,93362.02,38.61,541226.19,b0,cigarro
967467615,0,1259576,2,39,30.88,93356.23,38.47,102400000,b0,cigarro
967467615,0,1260263,3,44,31.52,93353.58,38.59,738550.31,b0,cigarro
967467615,0,1260950,4,49,31.45,93356.23,38.57,6408762,b0,cigarro
967467615,0,1265354,0,29,31.36,93358.44,38.51,4357447,b0,cigarro
967467615,0,1266041,1,34,31.72,93360.62,38.57,535284.88,b0,cigarro
967467615,0,1266826,2,39,30.88,93360.86,38.45,102400000,b0,cigarro
967467615,0,1267513,3,44,31.51,93359.45,38.57,725983.69,b0,cigarro
967467615,0,1268200,4,49,31.43,93357.55,38.57,6279800.50,b0,cigarro
967467615,0,1272594,0,29,31.34,93360.96,38.53,4305913.50,b0,cigarro
967467615,0,1273379,1,34,31.70,93359.34,38.59,534446.75,b0,cigarro
967467615,0,1274066,2,39,30.86,93351.73,38.44,102400000,b0,cigarro
967467615,0,1274753,3,44,31.50,93361.11,38.58,716083.94,b0,cigarro
967467615,0,1275440,4,49,31.43,93361.77,38.58,6097506.50,b0,cigarro
967467615,0,1279834,0,29,31.37,93356.38,38.53,3820895.50,b0,cigarro
967467615,0,1280619,1,34,31.72,93357.55,38.58,507433.09,b0,cigarro
967467615,0,1281306,2,39,30.89,93357.18,38.44,102400000,b0,cigarro
967467615,0,1281993,3,44,31.52,93354.34,38.57,691424.69,b0,cigarro
967467615,0,1282680,4,49,31.45,93357.82,38.55,5863994.50,b0,cigarro
967467615,0,1287084,0,29,31.36,93359.63,38.50,4029513,b0,cigarro
967467615,0,1287771,1,34,31.72,93362.02,38.53,515479.50,b0,cigarro
967467615,0,1288556,2,39,30.88,93351.43,38.39,102400000,b0,cigarro
967467615,0,1289243,3,44,31.51,93360.21,38.51,701369.88,b0,cigarro
967467615,0,1289930,4,49,31.45,93360.05,38.50,6016893,b0,cigarro
967467615,0,1294324,0,29,31.38,93356.13,38.42,4071570.50,b0,cigarro
967467615,0,1295011,1,34,31.73,93360.30,38.46,519401.47,b0,cigarro
967467615,0,1295796,2,39,30.90,93358.34,38.32,102400000,b0,cigarro
967467615,0,1296483,3,44,31.53,93356.52,38.45,700650,b0,cigarro
967467615,0,1297170,4,49,31.45,93355.84,38.44,6030180.50,b0,cigarro
967467615,0,1301564,0,29,31.39,93355.82,38.41,4102153.25,b0,cigarro
967467615,0,1302349,1,34,31.73,93356.09,38.46,517433.06,b0,cigarro
967467615,0,1303036,2,39,30.90,93352.27,38.33,102400000,b0,cigarro
967467615,0,1303723,3,44,31.53,93360.29,38.45,706450.50,b0,cigarro
967467615,0,1304410,4,49,31.47,93357.52,38.44,6050221.50,b0,cigarro
967467615,0,1308804,0,29,31.41,93359.53,38.40,4164717.75,b0,cigarro
967467615,0,1309589,1,34,31.75,93356.60,38.45,517041.16,b0,cigarro
967467615,0,1310276,2,39,30.91,93357.06,38.30,102400000,b0,cigarro
967467615,0,1310963,3,44,31.55,93357.36,38.44,710124.81,b0,cigarro
967467615,0,1311650,4,49,31.48,93359.43,38.43,6104322,b0,cigarro
967467615,0,1316054,0,29,31.46,93357.95,38.42,4014702.25,b0,cigarro
967467615,0,1316741,1,34,31.81,93361.16,38.47,510468.59,b0,cigarro
967467615,0,1317526,2,39,30.98,93354.38,38.35,102400000,b0,cigarro
967467615,0,1318213,3,44,31.61,93361.73,38.48,684492,b0,cigarro
967467615,0,1318900,4,49,31.54,93360.81,38.48,5669204,b0,cigarro
967467615,0,1323294,0,29,31.50,93358.09,38.50,3564063.50,b0,cigarro
967467615,0,1324079,1,34,31.85,93355.30,38.55,480638.34,b0,cigarro
967467615,0,1324766,2,39,31.02,93351.14,38.40,102400000,b0,cigarro
967467615,0,1325453,3,44,31.64,93354.34,38.52,648101.25,b0,cigarro
967467615,0,1326140,4,49,31.56,93354.05,38.50,5254650.50,b0,cigarro
967467615,0,1330534,0,29,31.51,93350.38,38.39,2989781,b0,cigarro
967467615,0,1331319,1,34,31.85,93347.82,38.41,420016.41,b0,cigarro
967467615,0,1332006,2,39,31.01,93348.39,38.25,102400000,b0,cigarro
967467615,0,1332693,3,44,31.63,93350.19,38.38,524187.34,b0,cigarro
967467615,0,1333380,4,49,31.57,93354.24,38.36,3826249.50,b0,cigarro
967467615,0,1337784,0,29,31.53,93363.10,38.30,1930709.37,b0,cigarro
967467615,0,1338471,1,34,31.88,93362.52,38.34,364153.63,b0,cigarro
967467615,0,1339256,2,39,31.06,93358.45,38.20,90425664,b0,cigarro
967467615,0,1339943,3,44,31.69,93355.37,38.32,486460.81,b0,cigarro
967467615,0,1340630,4,49,31.62,93360.27,38.32,3566391,b0,cigarro
967467615,0,1345024,0,29,31.55,93360.54,38.23,1947230.75,b0,cigarro
967467615,0,1345809,1,34,31.88,93361.30,38.26,328731.94,b0,cigarro
967467615,0,1346496,2,39,31.05,93355.30,38.13,74855512,b0,cigarro
967467615,0,1347183,3,44,31.66,93354.02,38.25,410420.84,b0,cigarro
967467615,0,1347870,4,49,31.57,93356.21,38.26,2642580.75,b0,cigarro
967467615,0,1352264,0,29,31.46,93350.94,38.30,1385656.25,b0,cigarro
967467615,0,1353049,1,34,31.81,93349.16,38.35,312195.13,b0,cigarro
967467615,0,1353736,2,39,30.99,93346.72,38.24,70620688,b0,cigarro
967467615,0,1354423,3,44,31.61,93350.93,38.37,426045.34,b0,cigarro
967467615,0,1355110,4,49,31.53,93350.06,38.37,2951008.75,b0,cigarro
967467615,0,1359504,0,29,31.49,93355.99,38.37,1670813.75,b0,cigarro
967467615,0,1360289,1,34,31.83,93355.61,38.41,330322.59,b0,cigarro
967467615,0,1360976,2,39,31,93355.01,38.27,76627888,b0,cigarro
967467615,0,1361663,3,44,31.61,93353.55,38.37,451101.31,b0,cigarro
967467615,0,1362350,4,49,31.52,93357.79,38.36,3263745,b0,cigarro
967467615,0,1366754,0,29,31.43,93358.95,38.38,1755679.37,b0,cigarro
967467615,0,1367441,1,34,31.78,93361.59,38.43,311625.06,b0,cigarro
967467615,0,1368226,2,39,30.95,93363.41,38.32,69774824,b0,cigarro
967467615,0,1368913,3,44,31.57,93353.60,38.48,388467.38,b0,cigarro
967467615,0,1369600,4,49,31.49,93357.34,38.51,2502138,b0,cigarro
967467615,0,1373994,0,29,31.37,93359.58,38.62,1212193,b0,cigarro
967467615,0,1374681,1,34,31.72,93364.58,38.67,281087.03,b0,cigarro
967467615,0,1375466,2,39,30.90,93356.73,38.54,58908764,b0,cigarro
967467615,0,1376153,3,44,31.53,93356.08,38.67,363378.28,b0,cigarro
967467615,0,1376840,4,49,31.47,93357.32,38.66,2384167.75,b0,cigarro
967467615,0,1381234,0,29,31.37,93354.41,38.60,1298668.37,b0,cigarro
967467615,0,1382019,1,34,31.71,93361.07,38.64,291405.81,b0,cigarro
967467615,0,1382706,2,39,30.89,93354.76,38.50,62178368,b0,cigarro
967467615,0,1383393,3,44,31.52,93352.17,38.62,394073.50,b0,cigarro
967467615,0,1384080,4,49,31.45,93358.47,38.61,2647705.25,b0,cigarro
967467615,0,1388474,0,29,31.41,93354.88,38.56,1455062.12,b0,cigarro
967467615,0,1389259,1,34,31.77,93361.66,38.60,301708.91,b0,cigarro
967467615,0,1389946,2,39,30.95,93352.75,38.45,66382376,b0,cigarro
967467615,0,1390633,3,44,31.58,93353.34,38.58,411410.22,b0,cigarro
967467615,0,1391320,4,49,31.51,93354.78,38.57,2788291.25,b0,cigarro
967467615,0,1395714,0,29,31.42,93357.62,38.53,1192083.87,b0,cigarro
967467615,0,1396499,1,34,31.77,93359.04,38.58,280394.31,b0,cigarro
967467615,0,1397186,2,39,30.96,93351.73,38.45,57932376,b0,cigarro
967467615,0,1397873,3,44,31.58,93357.36,38.57,381094.16,b0,cigarro
967467615,0,1398560,4,49,31.53,93356.71,38.56,2534653.50,b0,cigarro
967467615,0,1402954,0,29,31.42,93357.80,38.47,1273235.87,b0,cigarro
967467615,0,1403739,1,34,31.76,93353.48,38.51,284840.06,b0,cigarro
967467615,0,1404426,2,39,30.95,93360.97,38.37,59795620,b0,cigarro
967467615,0,1405113,3,44,31.59,93353.09,38.50,383018.50,b0,cigarro
967467615,0,1405800,4,49,31.53,93356.90,38.50,2515970.50,b0,cigarro
967467615,0,1410204,0,29,31.47,93357.32,38.49,1339437.50,b0,cigarro
967467615,0,1410891,1,34,31.82,93357.91,38.54,288939.06,b0,cigarro
967467615,0,1411676,2,39,31,93356.87,38.41,61006284,b0,cigarro
967467615,0,1412363,3,44,31.60,93357,38.52,390690.56,b0,cigarro
967467615,0,1413050,4,49,31.52,93355.17,38.50,2607256.50,b0,cigarro
967467615,0,1417444,0,29,31.41,93355.70,38.43,1432167.87,b0,cigarro
967467615,0,1418229,1,34,31.76,93359.09,38.48,295441.44,b0,cigarro
967467615,0,1418916,2,39,30.95,93353.39,38.35,63121600,b0,cigarro
967467615,0,1419603,3,44,31.57,93353.23,38.48,394757.13,b0,cigarro
967467615,0,1420290,4,49,31.50,93357.28,38.50,2627325.25,b0,cigarro
967467615,0,1424684,0,29,31.41,93360.30,38.48,1381450.25,b0,cigarro
967467615,0,1425469,1,34,31.78,93359.17,38.53,292404.34,b0,cigarro
967467615,0,1426156,2,39,30.98,93354.17,38.40,63030536,b0,cigarro
967467615,0,1426843,3,44,31.61,93353.30,38.52,396131.53,b0,cigarro
967467615,0,1427530,4,49,31.55,93357.55,38.52,2642580.75,b0,cigarro
967467615,0,1431934,0,29,31.51,93355.43,38.42,1461291.50,b0,cigarro
967467615,0,1432621,1,34,31.85,93352.88,38.45,302511.09,b0,cigarro
967467615,0,1433406,2,39,31.03,93349.63,38.31,65733200,b0,cigarro
967467615,0,1434093,3,44,31.66,93357.78,38.42,409681.94,b0,cigarro
967467615,0,1434780,4,49,31.59,93357.50,38.41,2805479.50,b0,cigarro
967467615,0,1439174,0,29,31.56,93355.51,38.31,1599375.25,b0,cigarro
967467615,0,1439861,1,34,31.90,93357.93,38.35,307692.31,b0,cigarro
967467615,0,1440646,2,39,31.07,93354.56,38.22,68624080,b0,cigarro
967467615,0,1441333,3,44,31.69,93355.75,38.34,417448.03,b0,cigarro
967467615,0,1442020,4,49,31.62,93357.07,38.33,2852367.75,b0,cigarro
967467615,0,1446414,0,29,31.58,93357.95,38.32,1569048.12,b0,cigarro
967467615,0,1447199,1,34,31.93,93353.93,38.37,309085.41,b0,cigarro
967467615,0,1447886,2,39,31.11,93353.31,38.24,67772496,b0,cigarro
967467615,0,1448573,3,44,31.74,93355.26,38.39,412155.38,b0,cigarro
967467615,0,1449260,4,49,31.67,93356.89,38.39,2799726.50,b0,cigarro
967467615,0,1453654,0,29,31.61,93352.73,38.31,1521828,b0,cigarro
967467615,0,1454439,1,34,31.95,93356.35,38.34,305489.25,b0,cigarro
967467615,0,1455126,2,39,31.12,93357.66,38.19,67044500,b0,cigarro
967467615,0,1455813,3,44,31.75,93361.01,38.31,409436.22,b0,cigarro
967467615,0,1456500,4,49,31.69,93356.02,38.29,2779776,b0,cigarro
967467615,0,1460894,0,29,31.63,93355.61,38.21,1536384.12,b0,cigarro
967467615,0,1461679,1,34,31.97,93356.87,38.26,307969.94,b0,cigarro
967467615,0,1462366,2,39,31.14,93354.09,38.11,67354576,b0,cigarro
967467615,0,1463053,3,44,31.77,93359.04,38.26,413653.81,b0,cigarro
967467615,0,1463740,4,49,31.70,93359.72,38.27,2808364.75,b0,cigarro
967467615,0,1468134,0,29,31.65,93356.88,38.22,1556526.75,b0,cigarro
967467615,0,1468919,1,34,31.98,93348.30,38.24,309365.56,b0,cigarro
967467615,0,1469606,2,39,31.16,93356.78,38.11,68089352,b0,cigarro
967467615,0,1470293,3,44,31.79,93354.70,38.23,419500.22,b0,cigarro
967467615,0,1470980,4,49,31.72,93353.98,38.22,2864335.75,b0,cigarro
967467615,0,1475384,0,29,31.65,93359.44,38.38,1588212.50,b0,cigarro
967467615,0,1476071,1,34,31.99,93352.91,38.45,311625.06,b0,cigarro
967467615,0,1476856,2,39,31.18,93353.03,38.32,69167280,b0,cigarro
967467615,0,1477543,3,44,31.82,93358.28,38.46,418215.22,b0,cigarro
967467615,0,1478230,4,49,31.75,93360.56,38.46,2873377.75,b0,cigarro
967467615,0,1482624,0,29,31.65,93357.27,38.32,1608798.12,b0,cigarro
967467615,0,1483311,1,34,31.98,93351.11,38.35,313917.84,b0,cigarro
967467615,0,1484096,2,39,31.16,93355.37,38.20,69774824,b0,cigarro
967467615,0,1484783,3,44,31.79,93351.50,38.30,421833.16,b0,cigarro
967467615,0,1485470,4,49,31.71,93352.45,38.28,2907026.25,b0,cigarro
967467615,0,1489864,0,29,31.65,93356.06,38.19,1625074.37,b0,cigarro
967467615,0,1490551,1,34,31.98,93351.11,38.23,314786.34,b0,cigarro
967467615,0,1491336,2,39,31.17,93353.73,38.09,70054520,b0,cigarro
967467615,0,1492023,3,44,31.80,93353.43,38.21,423140.50,b0,cigarro
967467615,0,1492710,4,49,31.73,93355.90,38.20,2897771.50,b0,cigarro
967467615,0,1497104,0,29,31.67,93354.92,38.15,1620253.12,b0,cigarro
967467615,0,1497889,1,34,32.01,93348.95,38.21,314496.31,b0,cigarro
967467615,0,1498576,2,39,31.19,93353.41,38.09,70506728,b0,cigarro
967467615,0,1499263,3,44,31.82,93353.50,38.24,424720.03,b0,cigarro
967467615,0,1499950,4,49,31.75,93352.33,38.24,2919458.25,b0,cigarro
967467615,0,1504344,0,29,31.68,93350,38.17,1637744.87,b0,cigarro
967467615,0,1505129,1,34,32.04,93349.15,38.21,316244.59,b0,cigarro
967467615,0,1505816,2,39,31.21,93346.66,38.07,70849728,b0,cigarro
967467615,0,1506503,3,44,31.83,93353,38.17,425514.22,b0,cigarro
967467615,0,1507190,4,49,31.77,93352.02,38.15,2922583,b0,cigarro
967467615,0,1511584,0,29,31.70,93350.91,38.04,1647626.75,b0,cigarro
967467615,0,1512369,1,34,32.03,93350.36,38.07,315659.69,b0,cigarro
967467615,0,1513056,2,39,31.20,93351.31,37.92,71196088,b0,cigarro
967467615,0,1513743,3,44,31.83,93349.98,38.03,424720.03,b0,cigarro
967467615,0,1514430,4,49,31.76,93352.45,38.03,2931997.25,b0,cigarro
967467615,0,1518824,0,29,31.68,93346.44,37.97,1633825.25,b0,cigarro
967467615,0,1519609,1,34,32.01,93345.51,38.01,315659.69,b0,cigarro
967467615,0,1520296,2,39,31.19,93349.96,37.88,69942368,b0,cigarro
967467615,0,1520983,3,44,31.81,93353.12,38,423140.50,b0,cigarro
967467615,0,1521670,4,49,31.75,93350.35,38.01,2894699.75,b0,cigarro
967467615,0,1526064,0,29,31.68,93351.22,38.05,1606904.62,b0,cigarro
967467615,0,1526849,1,34,32.02,93346.02,38.11,311625.06,b0,cigarro
967467615,0,1527536,2,39,31.20,93345.89,37.99,69719152,b0,cigarro
967467615,0,1528223,3,44,31.82,93353.06,38.12,420016.41,b0,cigarro
967467615,0,1528910,4,49,31.75,93347.92,38.13,2849391.25,b0,cigarro
967467615,0,1533314,0,29,31.69,93352.75,38.10,1588212.50,b0,cigarro
967467615,0,1534001,1,34,32.04,93351.31,38.14,310491.22,b0,cigarro
967467615,0,1534786,2,39,31.22,93350.37,38.01,69719152,b0,cigarro
967467615,0,1535473,3,44,31.85,93352.68,38.13,421572.66,b0,cigarro
967467615,0,1536160,4,49,31.78,93351.57,38.12,2876404.50,b0,cigarro
967467615,0,1540554,0,29,31.74,93352.63,38.09,1602190.50,b0,cigarro
967467615,0,1541339,1,34,32.09,93353,38.14,310491.22,b0,cigarro
967467615,0,1542026,2,39,31.25,93352.74,38,68840336,b0,cigarro
967467615,0,1542713,3,44,31.88,93352.62,38.12,419500.22,b0,cigarro
967467615,0,1543400,4,49,31.81,93352.93,38.12,2846421.25,b0,cigarro
967467615,0,1547794,0,29,31.75,93354.37,38.07,1575384.62,b0,cigarro
967467615,0,1548579,1,34,32.10,93351.72,38.12,310209.03,b0,cigarro
967467615,0,1549266,2,39,31.27,93354.04,37.99,68355672,b0,cigarro
967467615,0,1549953,3,44,31.90,93356.72,38.11,418728.28,b0,cigarro
967467615,0,1550640,4,49,31.83,93359.82,38.10,2840499.25,b0,cigarro
967467615,0,1555034,0,29,31.74,93356.03,38.07,1577204.50,b0,cigarro
967467615,0,1555819,1,34,32.08,93352.41,38.11,309927.38,b0,cigarro
967467615,0,1556506,2,39,31.26,93358.11,37.98,68355672,b0,cigarro
967467615,0,1557193,3,44,31.89,93349.55,38.11,414910.84,b0,cigarro
967467615,0,1557880,4,49,31.82,93357.46,38.10,2819965.50,b0,cigarro
967467615,0,1562284,0,29,31.77,93355.45,38.04,1573569,b0,cigarro
967467615,0,1562971,1,34,32.10,93353.50,38.08,307692.31,b0,cigarro
967467615,0,1563756,2,39,31.26,93351.29,37.93,67930552,b0,cigarro
967467615,0,1564443,3,44,31.89,93351.98,38.04,418728.28,b0,cigarro
967467615,0,1565130,4,49,31.82,93355.88,38.02,2849391.25,b0,cigarro
967467615,0,1569524,0,29,31.75,93357.75,37.93,1595636.87,b0,cigarro
967467615,0,1570211,1,34,32.09,93353,37.97,312195.13,b0,cigarro
967467615,0,1570996,2,39,31.25,93355.35,37.83,68786144,b0,cigarro
967467615,0,1571683,3,44,31.90,93351.55,37.95,421312.50,b0,cigarro
967467615,0,1572370,4,49,31.83,93359.82,37.96,2870357.50,b0,cigarro
967467615,0,1576764,0,29,31.77,93359.88,37.89,1605015.62,b0,cigarro
967467615,0,1577549,1,34,32.11,93358.88,37.94,312480.94,b0,cigarro
967467615,0,1578236,2,39,31.28,93359.02,37.80,69663568,b0,cigarro
967467615,0,1578923,3,44,31.90,93358.52,37.92,421572.66,b0,cigarro
967467615,0,1579610,4,49,31.84,93355.55,37.92,2888575.50,b0,cigarro
967467615,0,1584004,0,29,31.77,93358.02,37.88,1602190.50,b0,cigarro
967467615,0,1584789,1,34,32.12,93349.35,37.92,311057.09,b0,cigarro
967467615,0,1585476,2,39,31.29,93354.93,37.77,69442120,b0,cigarro
967467615,0,1586163,3,44,31.91,93349.45,37.90,416429.44,b0,cigarro
967467615,0,1586850,4,49,31.84,93354.15,37.91,2831662.75,b0,cigarro
967467615,0,1591244,0,29,31.78,93351.13,37.89,1555640,b0,cigarro
967467615,0,1592029,1,34,32.13,93351.09,37.93,307692.31,b0,cigarro
967467615,0,1592716,2,39,31.30,93348.63,37.81,67983400,b0,cigarro
967467615,0,1593403,3,44,31.93,93346.25,37.93,414155.72,b0,cigarro
967467615,0,1594090,4,49,31.87,93355.12,37.92,2802600,b0,cigarro
967467615,0,1598494,0,29,31.81,93356.19,37.85,1566348,b0,cigarro
967467615,0,1599181,1,34,32.15,93353.13,37.89,307138.56,b0,cigarro
967467615,0,1599966,2,39,31.33,93353.04,37.76,67825096,b0,cigarro
967467615,0,1600653,3,44,31.95,93353.54,37.89,416429.44,b0,cigarro
967467615,0,1601340,4,49,31.89,93352.81,37.87,2834602,b0,cigarro
967467615,0,1605734,0,29,31.83,93356.63,37.84,1568147,b0,cigarro
967467615,0,1606421,1,34,32.17,93351.40,37.88,306862.44,b0,cigarro
967467615,0,1607206,2,39,31.34,93351.13,37.75,67667528,b0,cigarro
967467615,0,1607893,3,44,31.97,93352.20,37.87,411658.28,b0,cigarro
967467615,0,1608580,4,49,31.90,93357.93,37.87,2788291.25,b0,cigarro
967467615,0,1612974,0,29,31.84,93356.38,37.82,1539849.62,b0,cigarro
967467615,0,1613759,1,34,32.18,93346.49,37.86,302779.41,b0,cigarro
967467615,0,1614446,2,39,31.35,93351.70,37.73,66839368,b0,cigarro
967467615,0,1615133,3,44,31.98,93347.73,37.86,408456.31,b0,cigarro
967467615,0,1615820,4,49,31.91,93348.04,37.84,2760107.75,b0,cigarro
967467615,0,1620214,0,29,31.85,93357.27,37.83,1509211.50,b0,cigarro
967467615,0,1620999,1,34,32.19,93354.48,37.87,300645.91,b0,cigarro
967467615,0,1621686,2,39,31.36,93350.05,37.74,66031236,b0,cigarro
967467615,0,1622373,3,44,31.99,93348.88,37.86,409436.22,b0,cigarro
967467615,0,1623060,4,49,31.93,93350.73,37.85,2748993.25,b0,cigarro
967467615,0,1627464,0,29,31.87,93351.91,37.83,1510881.62,b0,cigarro
967467615,0,1628151,1,34,32.22,93353.85,37.88,302779.41,b0,cigarro
967467615,0,1628936,2,39,31.40,93352.18,37.75,66382376,b0,cigarro
967467615,0,1629623,3,44,32.02,93347.44,37.86,406026.97,b0,cigarro
967467615,0,1630310,4,49,31.94,93347.40,37.85,2737968,b0,cigarro
967467615,0,1634704,0,29,31.87,93353.13,37.79,1512555.37,b0,cigarro
967467615,0,1635391,1,34,32.20,93355.38,37.82,302243.22,b0,cigarro
967467615,0,1636176,2,39,31.38,93349.88,37.69,65981376,b0,cigarro
967467615,0,1636863,3,44,32.01,93346.14,37.83,404583.16,b0,cigarro
967467615,0,1637550,4,49,31.93,93350.28,37.81,2721594.75,b0,cigarro
967467615,0,1641944,0,29,31.87,93354.34,37.78,1478700.37,b0,cigarro
967467615,0,1642631,1,34,32.21,93347.13,37.82,301708.91,b0,cigarro
967467615,0,1643416,2,39,31.39,93350.64,37.68,65145128,b0,cigarro
967467615,0,1644103,3,44,32.01,93345.12,37.80,404583.16,b0,cigarro
967467615,0,1644790,4,49,31.95,93352.58,37.80,2721594.75,b0,cigarro
967467615,0,1649184,0,29,31.87,93351.14,37.77,1504223.25,b0,cigarro
967467615,0,1649871,1,34,32.21,93352.11,37.82,301708.91,b0,cigarro
967467615,0,1650656,2,39,31.40,93353.79,37.68,66231432,b0,cigarro
967467615,0,1651343,3,44,32.02,93347.23,37.80,407481.09,b0,cigarro
967467615,0,1652030,4,49,31.95,93351.95,37.81,2743469.50,b0,cigarro
967467615,0,1656424,0,29,31.88,93342.59,37.77,1523526.12,b0,cigarro
967467615,0,1657111,1,34,32.23,93348.79,37.80,301176.47,b0,cigarro
967467615,0,1657896,2,39,31.40,93349.94,37.66,65096596,b0,cigarro
967467615,0,1658583,3,44,32.03,93351.81,37.79,405544.56,b0,cigarro
967467615,0,1659270,4,49,31.95,93349.77,37.77,2724310,b0,cigarro
967467615,0,1663664,0,29,31.86,93353.83,37.78,1481910.25,b0,cigarro
967467615,0,1664351,1,34,32.20,93353.97,37.83,300645.91,b0,cigarro
967467615,0,1665136,2,39,31.38,93352.88,37.72,64951436,b0,cigarro
967467615,0,1665823,3,44,32,93350.80,37.85,401253.91,b0,cigarro
967467615,0,1666510,4,49,31.93,93351.12,37.85,2697398.75,b0,cigarro
967467615,0,1670904,0,29,31.82,93353.06,37.85,1477100.62,b0,cigarro
967467615,0,1671689,1,34,32.16,93350.71,37.91,299590.41,b0,cigarro
967467615,0,1672376,2,39,31.33,93349.41,37.78,64377212,b0,cigarro
967467615,0,1673063,3,44,31.95,93349.13,37.91,401962.72,b0,cigarro
967467615,0,1673750,4,49,31.88,93349.43,37.91,2694736.75,b0,cigarro
967467615,0,1678144,0,29,31.79,93355.66,37.91,1459729.12,b0,cigarro
967467615,0,1678929,1,34,32.13,93354.28,37.96,296725.59,b0,cigarro
967467615,0,1679616,2,39,31.30,93356.27,37.83,64472208,b0,cigarro
967467615,0,1680303,3,44,31.92,93352.18,37.95,399843.81,b0,cigarro
967467615,0,1680990,4,49,31.85,93358.11,37.96,2686782.50,b0,cigarro
967467615,0,1685384,0,29,31.76,93356.73,37.94,1469153.50,b0,cigarro
967467615,0,1686169,1,34,32.09,93356.38,37.99,296983.75,b0,cigarro
967467615,0,1686856,2,39,31.26,93354.91,37.86,64377212,b0,cigarro
967467615,0,1687543,3,44,31.88,93351.02,37.98,399375.97,b0,cigarro
967467615,0,1688230,4,49,31.81,93356.94,37.98,2692080.25,b0,cigarro
967467615,0,1692624,0,29,31.72,93355.96,37.96,1469153.50,b0,cigarro
967467615,0,1693409,1,34,32.06,93354.39,38,298803.63,b0,cigarro
967467615,0,1694096,2,39,31.23,93347.88,37.88,64567488,b0,cigarro
967467615,0,1694783,3,44,31.86,93354.98,38.01,399609.75,b0,cigarro
967467615,0,1695470,4,49,31.80,93353.05,38.01,2692080.25,b0,cigarro
967467615,0,1699864,0,29,31.70,93353.91,38,1475504.37,b0,cigarro
967467615,0,1700649,1,34,32.03,93351.20,38.04,298020.97,b0,cigarro
967467615,0,1701336,2,39,31.21,93350.87,37.91,64093888,b0,cigarro
967467615,0,1702023,3,44,31.83,93350.82,38.05,401018.22,b0,cigarro
967467615,0,1702710,4,49,31.76,93353.91,38.04,2700066,b0,cigarro
967467615,0,1707104,0,29,31.67,93352.73,38.03,1483520.50,b0,cigarro
967467615,0,1707889,1,34,32,93348.18,38.08,299590.41,b0,cigarro
967467615,0,1708576,2,39,31.19,93349.58,37.96,64903192,b0,cigarro
967467615,0,1709263,3,44,31.81,93348.90,38.08,402674,b0,cigarro
967467615,0,1709950,4,49,31.75,93349.13,38.09,2721594.75,b0,cigarro
967467615,0,1714344,0,29,31.63,93347.76,38.14,1485134.12,b0,cigarro
967467615,0,1715129,1,34,31.97,93351.81,38.21,300117.22,b0,cigarro
967467615,0,1715816,2,39,31.15,93348.23,38.08,64188052,b0,cigarro
967467615,0,1716503,3,44,31.77,93354.45,38.24,402674,b0,cigarro
967467615,0,1717190,4,49,31.70,93352.51,38.26,2716180.25,b0,cigarro
967467615,0,1721594,0,29,31.61,93348.30,38.30,1478700.37,b0,cigarro
967467615,0,1722281,1,34,31.94,93347.59,38.35,298542.28,b0,cigarro
967467615,0,1723066,2,39,31.12,93349.66,38.23,64188052,b0,cigarro
967467615,0,1723753,3,44,31.74,93352.26,38.36,399609.75,b0,cigarro
967467615,0,1724440,4,49,31.67,93352.49,38.36,2700066,b0,cigarro
967467615,0,1728834,0,29,31.60,93350.80,38.37,1465998.62,b0,cigarro
967467615,0,1729521,1,34,31.94,93349.43,38.43,297242.38,b0,cigarro
967467615,0,1730306,2,39,31.11,93351.32,38.30,63627184,b0,cigarro
967467615,0,1730993,3,44,31.73,93352.07,38.44,398676.28,b0,cigarro
967467615,0,1731680,4,49,31.66,93354.78,38.43,2692080.25,b0,cigarro
967467615,0,1736074,0,29,31.60,93351.76,38.44,1451967.37,b0,cigarro
967467615,0,1736859,1,34,31.94,93355.65,38.50,295441.44,b0,cigarro
967467615,0,1737546,2,39,31.12,93352.05,38.38,64188052,b0,cigarro
967467615,0,1738233,3,44,31.74,93351.81,38.50,398676.28,b0,cigarro
967467615,0,1738920,4,49,31.67,93349.30,38.52,2689428.75,b0,cigarro
967467615,0,1743314,0,29,31.62,93352.27,38.48,1456614.50,b0,cigarro
967467615,0,1744099,1,34,31.96,93352.91,38.52,296467.88,b0,cigarro
967467615,0,1744786,2,39,31.14,93357.72,38.38,63673548,b0,cigarro
967467615,0,1745473,3,44,31.76,93352.91,38.51,398909.22,b0,cigarro
967467615,0,1746160,4,49,31.68,93355.63,38.49,2684141.50,b0,cigarro
967467615,0,1750554,0,29,31.60,93354.38,38.42,1448885.75,b0,cigarro
967467615,0,1751339,1,34,31.94,93353.02,38.47,295441.44,b0,cigarro
967467615,0,1752026,2,39,31.12,93355.27,38.34,63534660,b0,cigarro
967467615,0,1752713,3,44,31.74,93354.82,38.48,397053.13,b0,cigarro
967467615,0,1753400,4,49,31.66,93353.57,38.47,2684141.50,b0,cigarro
967467615,0,1757804,0,29,31.59,93356.48,38.46,1450424.87,b0,cigarro
967467615,0,1758491,1,34,31.92,93355.38,38.51,295953.75,b0,cigarro
967467615,0,1759276,2,39,31.10,93351.77,38.38,63442400,b0,cigarro
967467615,0,1759963,3,44,31.73,93358.13,38.50,397747.13,b0,cigarro
967467615,0,1760650,4,49,31.65,93351.47,38.49,2668404,b0,cigarro
967467615,0,1765044,0,29,31.62,93354.90,38.43,1450424.87,b0,cigarro
967467615,0,1765731,1,34,31.96,93348.87,38.48,295441.44,b0,cigarro
967467615,0,1766516,2,39,31.14,93352.69,38.34,63580888,b0,cigarro
967467615,0,1767203,3,44,31.77,93356.23,38.45,397053.13,b0,cigarro
967467615,0,1767890,4,49,31.70,93355.70,38.44,2678875,b0,cigarro
967467615,0,1772284,0,29,31.63,93352.20,38.36,1455062.12,b0,cigarro
967467615,0,1772971,1,34,31.96,93351.88,38.39,296983.75,b0,cigarro
967467615,0,1773756,2,39,31.15,93352.82,38.26,63673548,b0,cigarro
967467615,0,1774443,3,44,31.78,93354.38,38.39,396361.53,b0,cigarro
967467615,0,1775130,4,49,31.71,93355.05,38.37,2671014,b0,cigarro
967467615,0,1779524,0,29,31.64,93351.70,38.33,1451967.37,b0,cigarro
967467615,0,1780211,1,34,31.98,93350.35,38.37,294168.34,b0,cigarro
967467615,0,1780996,2,39,31.16,93353.39,38.25,63396372,b0,cigarro
967467615,0,1781683,3,44,31.79,93353.10,38.37,397515.53,b0,cigarro
967467615,0,1782370,4,49,31.71,93353.21,38.35,2660604,b0,cigarro
967467615,0,1786764,0,29,31.63,93354.01,38.32,1455062.12,b0,cigarro
967467615,0,1787451,1,34,31.96,93350.66,38.36,294930.88,b0,cigarro
967467615,0,1788236,2,39,31.14,93352.30,38.23,63442400,b0,cigarro
967467615,0,1788923,3,44,31.77,93354.63,38.36,398676.28,b0,cigarro
967467615,0,1789610,4,49,31.70,93351.68,38.35,2668404,b0,cigarro
967467615,0,1794004,0,29,31.64,93350.30,38.36,1450424.87,b0,cigarro
967467615,0,1794691,1,34,31.98,93345.55,38.40,295185.94,b0,cigarro
967467615,0,1795476,2,39,31.16,93349.57,38.28,63719980,b0,cigarro
967467615,0,1796163,3,44,31.79,93352.86,38.39,397284.19,b0,cigarro
967467615,0,1796850,4,49,31.73,93349.32,38.39,2671014,b0,cigarro
967467615,0,1801244,0,29,31.65,93350.63,38.41,1469153.50,b0,cigarro
967467615,0,1801931,1,34,31.99,93347.87,38.45,296725.59,b0,cigarro
967467615,0,1802716,2,39,31.17,93347.73,38.31,63396372,b0,cigarro
967467615,0,1803403,3,44,31.79,93354.07,38.42,398211.16,b0,cigarro
967467615,0,1804090,4,49,31.73,93352.52,38.42,2681505.75,b0,cigarro
967467615,0,1808484,0,29,31.66,93351.21,38.37,1459729.12,b0,cigarro
967467615,0,1809171,1,34,31.99,93349.64,38.42,295441.44,b0,cigarro
967467615,0,1809956,2,39,31.18,93350.86,38.30,63673548,b0,cigarro
967467615,0,1810643,3,44,31.82,93351.91,38.42,400078.13,b0,cigarro
967467615,0,1811330,4,49,31.75,93351.55,38.43,2673629.25,b0,cigarro
967467615,0,1815724,0,29,31.70,93352.69,38.39,1472322.12,b0,cigarro
967467615,0,1816411,1,34,32.03,93348.95,38.44,297501.44,b0,cigarro
967467615,0,1817196,2,39,31.21,93350.43,38.29,64188052,b0,cigarro
967467615,0,1817883,3,44,31.84,93353.32,38.42,400782.78,b0,cigarro
967467615,0,1818570,4,49,31.78,93354.56,38.41,2697398.75,b0,cigarro
967467615,0,1822964,0,29,31.70,93354.29,38.37,1462857.12,b0,cigarro
967467615,0,1823651,1,34,32.04,93350.75,38.41,296210.59,b0,cigarro
967467615,0,1824436,2,39,31.21,93351.45,38.27,64000000,b0,cigarro
967467615,0,1825123,3,44,31.84,93354.52,38.38,398676.28,b0,cigarro
967467615,0,1825810,4,49,31.77,93350.61,38.38,2684141.50,b0,cigarro
967467615,0,1830204,0,29,31.74,93348.81,38.33,1465998.62,b0,cigarro
967467615,0,1830891,1,34,32.07,93349.53,38.37,294168.34,b0,cigarro
967467615,0,1831676,2,39,31.23,93350.50,38.23,64093888,b0,cigarro
967467615,0,1832363,3,44,31.85,93352.88,38.35,399609.75,b0,cigarro
967467615,0,1833050,4,49,31.79,93353.10,38.34,2686782.50,b0,cigarro
967467615,0,1837444,0,29,31.77,93351.24,38.28,1464426.12,b0,cigarro
967467615,0,1838131,1,34,32.10,93349.67,38.33,296725.59,b0,cigarro
967467615,0,1838916,2,39,31.27,93351.23,38.18,63442400,b0,cigarro
967467615,0,1839603,3,44,31.89,93351.36,38.30,398676.28,b0,cigarro
967467615,0,1840290,4,49,31.83,93353.63,38.29,2684141.50,b0,cigarro
967467615,0,1844674,0,29,31.77,93348.44,38.24,1462857.12,b0,cigarro
967467615,0,1845459,1,34,32.11,93352.86,38.27,296983.75,b0,cigarro
967467615,0,1846146,2,39,31.28,93349.76,38.13,64093888,b0,cigarro
967467615,0,1846833,3,44,31.90,93353.72,38.27,398676.28,b0,cigarro
967467615,0,1847520,4,49,31.83,93353.38,38.26,2676249.50,b0,cigarro
967467615,0,1851914,0,29,31.77,93354.82,38.24,1472322.12,b0,cigarro
967467615,0,1852699,1,34,32.11,93351.84,38.29,295441.44,b0,cigarro
967467615,0,1853386,2,39,31.27,93353.02,38.16,63167228,b0,cigarro
967467615,0,1854073,3,44,31.90,93348.67,38.29,399375.97,b0,cigarro
967467615,0,1854760,4,49,31.84,93351.91,38.29,2686782.50,b0,cigarro
967467615,0,1859154,0,29,31.75,93349.77,38.28,1472322.12,b0,cigarro
967467615,0,1859939,1,34,32.09,93350.76,38.32,294930.88,b0,cigarro
967467615,0,1860626,2,39,31.27,93353.66,38.19,63442400,b0,cigarro
967467615,0,1861313,3,44,31.90,93348.67,38.32,400547.63,b0,cigarro
967467615,0,1862000,4,49,31.83,93354.02,38.31,2684141.50,b0,cigarro
967467615,0,1866394,0,29,31.76,93352.51,38.27,1464426.12,b0,cigarro
967467615,0,1867179,1,34,32.09,93352.54,38.31,296467.88,b0,cigarro
967467615,0,1867866,2,39,31.27,93351.86,38.18,63534660,b0,cigarro
967467615,0,1868553,3,44,31.90,93346.88,38.30,399375.97,b0,cigarro
967467615,0,1869240,4,49,31.83,93354.20,38.30,2678875,b0,cigarro
967467615,0,1873634,0,29,31.75,93355.77,38.29,1467574.37,b0,cigarro
967467615,0,1874419,1,34,32.09,93351.77,38.34,298542.28,b0,cigarro
967467615,0,1875106,2,39,31.26,93352.69,38.22,64188052,b0,cigarro
967467615,0,1875793,3,44,31.89,93349.55,38.37,398909.22,b0,cigarro
967467615,0,1876480,4,49,31.83,93352.61,38.36,2689428.75,b0,cigarro
967467615,0,1880884,0,29,31.79,93355.72,38.33,1475504.37,b0,cigarro
967467615,0,1881571,1,34,32.13,93354.47,38.37,296725.59,b0,cigarro
967467615,0,1882356,2,39,31.32,93352.34,38.24,63906388,b0,cigarro
967467615,0,1883043,3,44,31.94,93357.05,38.37,399142.47,b0,cigarro
967467615,0,1883730,4,49,31.87,93354.34,38.37,2678875,b0,cigarro
967467615,0,1888124,0,29,31.82,93355.68,38.34,1465998.62,b0,cigarro
967467615,0,1888811,1,34,32.17,93353.20,38.38,299327.69,b0,cigarro
967467615,0,1889596,2,39,31.35,93356.94,38.23,63534660,b0,cigarro
967467615,0,1890283,3,44,31.98,93353.16,38.37,401253.91,b0,cigarro
967467615,0,1890970,4,49,31.91,93355.06,38.35,2684141.50,b0,cigarro
967467615,0,1895364,0,29,31.85,93359.07,38.24,1469153.50,b0,cigarro
967467615,0,1896051,1,34,32.20,93354.61,38.26,298020.97,b0,cigarro
967467615,0,1896836,2,39,31.39,93356.45,38.11,64235236,b0,cigarro
967467615,0,1897523,3,44,32.02,93351.06,38.24,401726.16,b0,cigarro
967467615,0,1898210,4,49,31.96,93352.52,38.22,2676249.50,b0,cigarro
967467615,0,1902604,0,29,31.88,93354.67,38.11,1465998.62,b0,cigarro
967467615,0,1903389,1,34,32.22,93352.80,38.14,296983.75,b0,cigarro
967467615,0,1904076,2,39,31.41,93356.34,38.01,63350412,b0,cigarro
967467615,0,1904763,3,44,32.04,93354.32,38.14,398909.22,b0,cigarro
967467615,0,1905450,4,49,31.97,93348.80,38.13,2689428.75,b0,cigarro
967467615,0,1909844,0,29,31.90,93358.12,38.10,1472322.12,b0,cigarro
967467615,0,1910629,1,34,32.24,93356.92,38.15,294676.25,b0,cigarro
967467615,0,1911316,2,39,31.41,93351.10,38.02,64000000,b0,cigarro
967467615,0,1912003,3,44,32.03,93354.01,38.14,401018.22,b0,cigarro
967467615,0,1912690,4,49,31.95,93347.54,38.13,2694736.75,b0,cigarro
967467615,0,1917084,0,29,31.87,93354.73,38.10,1475504.37,b0,cigarro
967467615,0,1917869,1,34,32.21,93353.34,38.13,298020.97,b0,cigarro
967467615,0,1918556,2,39,31.38,93355.94,38.01,64140936,b0,cigarro
967467615,0,1919243,3,44,32,93355.02,38.12,400312.75,b0,cigarro
967467615,0,1919930,4,49,31.93,93352.69,38.12,2692080.25,b0,cigarro
967467615,0,1924324,0,29,31.87,93351.09,38.07,1469153.50,b0,cigarro
967467615,0,1925109,1,34,32.22,93350.84,38.12,295953.75,b0,cigarro
967467615,0,1925796,2,39,31.40,93353.97,37.98,63953160,b0,cigarro
967467615,0,1926483,3,44,32.02,93348.06,38.11,400078.13,b0,cigarro
967467615,0,1927170,4,49,31.95,93352.76,38.11,2678875,b0,cigarro
967467615,0,1931564,0,29,31.87,93351.14,38.07,1465998.62,b0,cigarro
967467615,0,1932349,1,34,32.21,93352.31,38.10,297242.38,b0,cigarro
967467615,0,1933036,2,39,31.39,93355.24,37.98,63719980,b0,cigarro
967467615,0,1933723,3,44,32.01,93355.98,38.09,398676.28,b0,cigarro
967467615,0,1934410,4,49,31.94,93359.03,38.09,2678875,b0,cigarro
967467615,0,1938814,0,29,31.84,93356.95,38.06,1462857.12,b0,cigarro
967467615,0,1939501,1,34,32.18,93349.55,38.10,296983.75,b0,cigarro
967467615,0,1940286,2,39,31.35,93352.93,37.96,64046908,b0,cigarro
967467615,0,1940973,3,44,31.98,93353.99,38.10,399843.81,b0,cigarro
967467615,0,1941660,4,49,31.90,93347.90,38.11,2684141.50,b0,cigarro
967467615,0,1946054,0,29,31.81,93360.40,38.10,1473911.50,b0,cigarro
967467615,0,1946741,1,34,32.15,93351.72,38.16,296725.59,b0,cigarro
967467615,0,1947526,2,39,31.32,93353.74,38.03,64000000,b0,cigarro
967467615,0,1948213,3,44,31.95,93352.37,38.17,399609.75,b0,cigarro
967467615,0,1948900,4,49,31.88,93349.23,38.16,2694736.75,b0,cigarro
967467615,0,1953284,0,29,31.81,93359.19,38.14,1481910.25,b0,cigarro
967467615,0,1954069,1,34,32.14,93348.78,38.20,296210.59,b0,cigarro
967467615,0,1954756,2,39,31.32,93350.69,38.06,64000000,b0,cigarro
967467615,0,1955443,3,44,31.95,93353.16,38.18,401726.16,b0,cigarro
967467615,0,1956130,4,49,31.88,93357.48,38.19,2705416,b0,cigarro
967467615,0,1960524,0,29,31.81,93353.38,38.15,1478700.37,b0,cigarro
967467615,0,1961309,1,34,32.15,93353.13,38.20,298020.97,b0,cigarro
967467615,0,1961996,2,39,31.32,93349.71,38.07,63906388,b0,cigarro
967467615,0,1962683,3,44,31.95,93354.37,38.21,401489.91,b0,cigarro
967467615,0,1963370,4,49,31.88,93357.66,38.19,2708099.25,b0,cigarro
967467615,0,1967764,0,29,31.78,93352.14,38.15,1478700.37,b0,cigarro
967467615,0,1968549,1,34,32.12,93352.55,38.19,298542.28,b0,cigarro
967467615,0,1969236,2,39,31.30,93355.66,38.08,64000000,b0,cigarro
967467615,0,1969923,3,44,31.93,93346.69,38.20,401726.16,b0,cigarro
967467615,0,1970610,4,49,31.85,93357.85,38.19,2694736.75,b0,cigarro
967467615,0,1975004,0,29,31.77,93352.59,38.16,1475504.37,b0,cigarro
967467615,0,1975789,1,34,32.12,93354.40,38.21,296467.88,b0,cigarro
967467615,0,1976476,2,39,31.28,93352.96,38.08,64424676,b0,cigarro
967467615,0,1977163,3,44,31.90,93351.28,38.19,400312.75,b0,cigarro
967467615,0,1977850,4,49,31.83,93354.78,38.20,2697398.75,b0,cigarro
967467615,0,1982244,0,29,31.75,93351.18,38.23,1488372.12,b0,cigarro
967467615,0,1982931,1,34,32.08,93353.63,38.29,298281.38,b0,cigarro
967467615,0,1983716,2,39,31.25,93351.40,38.15,64046908,b0,cigarro
967467615,0,1984403,3,44,31.88,93352.62,38.30,403387.81,b0,cigarro
967467615,0,1985090,4,49,31.81,93356.38,38.30,2727030.75,b0,cigarro
967467615,0,1989484,0,29,31.75,93355.39,38.34,1515914.12,b0,cigarro
967467615,0,1990171,1,34,32.09,93350.56,38.38,299065.41,b0,cigarro
967467615,0,1990956,2,39,31.26,93349.69,38.26,64758892,b0,cigarro
967467615,0,1991643,3,44,31.89,93351.41,38.39,402911.66,b0,cigarro
967467615,0,1992330,4,49,31.82,93353.70,38.38,2721594.75,b0,cigarro
967467615,0,1996724,0,29,31.77,93354,38.38,1515914.12,b0,cigarro
967467615,0,1997411,1,34,32.11,93345.58,38.42,300117.22,b0,cigarro
967467615,0,1998196,2,39,31.28,93353.16,38.30,64855024,b0,cigarro
967467615,0,1998883,3,44,31.91,93349.45,38.41,404583.16,b0,cigarro
967467615,0,1999570,4,49,31.84,93351.14,38.40,2729756.75,b0,cigarro
967467615,0,2003964,0,29,31.78,93350.35,38.33,1510881.62,b0,cigarro
967467615,0,2004651,1,34,32.12,93351.78,38.37,300117.22,b0,cigarro
967467615,0,2005436,2,39,31.27,93347.41,38.23,64855024,b0,cigarro
967467615,0,2006123,3,44,31.90,93346.69,38.34,402199.53,b0,cigarro
967467615,0,2006810,4,49,31.83,93354.84,38.33,2700066,b0,cigarro
967467615,0,2011194,0,29,31.74,93353.86,38.25,1480303.62,b0,cigarro
967467615,0,2011979,1,34,32.08,93345.39,38.29,298020.97,b0,cigarro
967467615,0,2012666,2,39,31.27,93350.46,38.15,64377212,b0,cigarro
967467615,0,2013353,3,44,31.90,93351.28,38.29,402436.63,b0,cigarro
967467615,0,2014040,4,49,31.84,93351.71,38.28,2700066,b0,cigarro
967467615,0,2018434,0,29,31.76,93349.26,38.25,1478700.37,b0,cigarro
967467615,0,2019219,1,34,32.10,93354.09,38.29,296983.75,b0,cigarro
967467615,0,2019906,2,39,31.26,93347.07,38.15,64377212,b0,cigarro
967467615,0,2020593,3,44,31.89,93348.16,38.29,402199.53,b0,cigarro
967467615,0,2021280,4,49,31.82,93354.07,38.28,2694736.75,b0,cigarro
967467615,0,2025674,0,29,31.72,93349.12,38.23,1473911.50,b0,cigarro
967467615,0,2026459,1,34,32.06,93348.38,38.28,297501.44,b0,cigarro
967467615,0,2027146,2,39,31.23,93352.09,38.13,63953160,b0,cigarro
967467615,0,2027833,3,44,31.86,93350.19,38.28,402436.63,b0,cigarro
967467615,0,2028520,4,49,31.80,93350.81,38.28,2708099.25,b0,cigarro
967467615,0,2032914,0,29,31.73,93351.48,38.29,1504223.25,b0,cigarro
967467615,0,2033699,1,34,32.06,93347.76,38.34,297501.44,b0,cigarro
967467615,0,2034386,2,39,31.24,93351.02,38.22,64282492,b0,cigarro
967467615,0,2035073,3,44,31.87,93355.30,38.37,403149.59,b0,cigarro
967467615,0,2035760,4,49,31.81,93349.54,38.37,2713481.25,b0,cigarro
967467615,0,2040154,0,29,31.75,93350.35,38.42,1509211.50,b0,cigarro
967467615,0,2040841,1,34,32.09,93350.56,38.48,300910.97,b0,cigarro
967467615,0,2041626,2,39,31.27,93352.43,38.38,64000000,b0,cigarro
967467615,0,2042313,3,44,31.89,93351.60,38.51,403149.59,b0,cigarro
967467615,0,2043000,4,49,31.81,93350.95,38.52,2727030.75,b0,cigarro
967467615,0,2047394,0,29,31.74,93353.86,38.47,1519287.87,b0,cigarro
967467615,0,2048081,1,34,32.07,93353.31,38.51,300117.22,b0,cigarro
967467615,0,2048866,2,39,31.24,93348.02,38.37,64903192,b0,cigarro
967467615,0,2049553,3,44,31.87,93346.87,38.51,403626.34,b0,cigarro
967467615,0,2050240,4,49,31.80,93352.77,38.49,2732488.25,b0,cigarro
967467615,0,2054634,0,29,31.69,93355.17,38.39,1515914.12,b0,cigarro
967467615,0,2055321,1,34,32.02,93350.24,38.42,299853.59,b0,cigarro
967467615,0,2056106,2,39,31.20,93349.71,38.29,65486884,b0,cigarro
967467615,0,2056793,3,44,31.83,93350.63,38.41,403626.34,b0,cigarro
967467615,0,2057480,4,49,31.76,93351.69,38.40,2721594.75,b0,cigarro
967467615,0,2061874,0,29,31.67,93350.32,38.35,1504223.25,b0,cigarro
967467615,0,2062561,1,34,32.01,93350.35,38.39,298020.97,b0,cigarro
967467615,0,2063346,2,39,31.19,93352,38.26,63953160,b0,cigarro
967467615,0,2064033,3,44,31.82,93350.51,38.38,401726.16,b0,cigarro
967467615,0,2064720,4,49,31.75,93353.79,38.38,2716180.25,b0,cigarro
967467615,0,2069104,0,29,31.67,93347.11,38.38,1503395.12,b0,cigarro
967467615,0,2069889,1,34,32,93348.18,38.42,299065.41,b0,cigarro
967467615,0,2070576,2,39,31.17,93347.09,38.30,64519812,b0,cigarro
967467615,0,2071263,3,44,31.79,93351.26,38.42,403149.59,b0,cigarro
967467615,0,2071950,4,49,31.71,93351.63,38.41,2732488.25,b0,cigarro
967467615,0,2076344,0,29,31.67,93348.52,38.40,1512555.37,b0,cigarro
967467615,0,2077129,1,34,32.01,93348.13,38.45,298542.28,b0,cigarro
967467615,0,2077816,2,39,31.20,93345.50,38.32,65437844,b0,cigarro
967467615,0,2078503,3,44,31.83,93349.61,38.44,402436.63,b0,cigarro
967467615,0,2079190,4,49,31.76,93353.86,38.44,2732488.25,b0,cigarro
967467615,0,2083584,0,29,31.70,93354.48,38.37,1512555.37,b0,cigarro
967467615,0,2084271,1,34,32.05,93347.88,38.41,299590.41,b0,cigarro
967467615,0,2085056,2,39,31.21,93348.45,38.28,64235236,b0,cigarro
967467615,0,2085743,3,44,31.84,93346.29,38.39,405063.28,b0,cigarro
967467615,0,2086430,4,49,31.78,93348.76,38.39,2732488.25,b0,cigarro
967467615,0,2090824,0,29,31.68,93346.80,38.37,1524376.62,b0,cigarro
967467615,0,2091609,1,34,32.03,93348,38.42,298281.38,b0,cigarro
967467615,0,2092296,2,39,31.21,93347.23,38.29,65145128,b0,cigarro
967467615,0,2092983,3,44,31.83,93343.53,38.42,405063.28,b0,cigarro
967467615,0,2093670,4,49,31.77,93349.78,38.42,2748993.25,b0,cigarro
967467615,0,2098064,0,29,31.70,93349.88,38.39,1524376.62,b0,cigarro
967467615,0,2098751,1,34,32.05,93350.43,38.43,302779.41,b0,cigarro
967467615,0,2099536,2,39,31.23,93348.52,38.31,64951436,b0,cigarro
967467615,0,2100223,3,44,31.86,93345.16,38.43,406026.97,b0,cigarro
967467615,0,2100910,4,49,31.81,93346.15,38.43,2748993.25,b0,cigarro
967467615,0,2105304,0,29,31.77,93352.20,38.38,1526080.50,b0,cigarro
967467615,0,2105991,1,34,32.11,93344.17,38.42,298803.63,b0,cigarro
967467615,0,2106776,2,39,31.29,93351.49,38.27,65242408,b0,cigarro
967467615,0,2107463,3,44,31.92,93342.55,38.40,403626.34,b0,cigarro
967467615,0,2108150,4,49,31.85,93347.82,38.39,2732488.25,b0,cigarro
967467615,0,2112544,0,29,31.80,93352.40,38.29,1509211.50,b0,cigarro
967467615,0,2113231,1,34,32.14,93347.58,38.33,300381.34,b0,cigarro
967467615,0,2114016,2,39,31.32,93346.66,38.20,65291160,b0,cigarro
967467615,0,2114703,3,44,31.96,93345.69,38.31,404343.53,b0,cigarro
967467615,0,2115390,4,49,31.89,93346.36,38.30,2721594.75,b0,cigarro
967467615,0,2119784,0,29,31.81,93350.56,38.20,1515914.12,b0,cigarro
967467615,0,2120471,1,34,32.15,93346.55,38.24,296467.88,b0,cigarro
967467615,0,2121256,2,39,31.32,93350.09,38.10,64046908,b0,cigarro
967467615,0,2121943,3,44,31.95,93341.13,38.22,403149.59,b0,cigarro
967467615,0,2122630,4,49,31.87,93347.90,38.20,2708099.25,b0,cigarro
967467615,0,2127014,0,29,31.80,93353.63,38.14,1480303.62,b0,cigarro
967467615,0,2127701,1,34,32.14,93348.02,38.18,299065.41,b0,cigarro
967467615,0,2128486,2,39,31.31,93344.93,38.05,64663048,b0,cigarro
967467615,0,2129173,3,44,31.95,93346.96,38.17,403149.59,b0,cigarro
967467615,0,2129860,4,49,31.88,93342.78,38.17,2694736.75,b0,cigarro
967467615,0,2134254,0,29,31.80,93350.18,38.19,1488372.12,b0,cigarro
967467615,0,2134941,1,34,32.15,93348.15,38.25,298542.28,b0,cigarro
967467615,0,2135726,2,39,31.32,93346.47,38.12,65634452,b0,cigarro
967467615,0,2136413,3,44,31.95,93345.93,38.26,404583.16,b0,cigarro
967467615,0,2137100,4,49,31.89,93350.20,38.27,2721594.75,b0,cigarro
967467615,0,2141484,0,29,31.81,93352.53,38.29,1521828,b0,cigarro
967467615,0,2142269,1,34,32.15,93342.53,38.34,299065.41,b0,cigarro
967467615,0,2142956,2,39,31.31,93345.13,38.22,65339980,b0,cigarro
967467615,0,2143643,3,44,31.94,93347.20,38.35,407481.09,b0,cigarro
967467615,0,2144330,4,49,31.87,93346.09,38.36,2754539.25,b0,cigarro
967467615,0,2148724,0,29,31.77,93352.59,38.39,1539849.62,b0,cigarro
967467615,0,2149509,1,34,32.11,93345.58,38.43,303048.25,b0,cigarro
967467615,0,2150196,2,39,31.28,93348.94,38.30,66031236,b0,cigarro
967467615,0,2150883,3,44,31.92,93346.56,38.42,406995.22,b0,cigarro
967467615,0,2151570,4,49,31.87,93350.31,38.42,2760107.75,b0,cigarro
967467615,0,2155964,0,29,31.83,93345.77,38.35,1539849.62,b0,cigarro
967467615,0,2156749,1,34,32.18,93346.74,38.38,301176.47,b0,cigarro
967467615,0,2157436,2,39,31.35,93347.50,38.25,65782684,b0,cigarro
967467615,0,2158123,3,44,31.97,93345.18,38.37,406995.22,b0,cigarro
967467615,0,2158810,4,49,31.90,93346.30,38.35,2760107.75,b0,cigarro
967467615,0,2163204,0,29,31.84,93351.34,38.27,1533795.12,b0,cigarro
967467615,0,2163989,1,34,32.18,93346.93,38.31,301708.91,b0,cigarro
967467615,0,2164676,2,39,31.34,93347.77,38.17,66131180,b0,cigarro
967467615,0,2165363,3,44,31.97,93347.40,38.29,405063.28,b0,cigarro
967467615,0,2166050,4,49,31.90,93344.90,38.28,2760107.75,b0,cigarro
967467615,0,2170444,0,29,31.82,93351.84,38.22,1544203.62,b0,cigarro
967467615,0,2171229,1,34,32.16,93344.63,38.27,303048.25,b0,cigarro
967467615,0,2171916,2,39,31.33,93349.02,38.14,66031236,b0,cigarro
967467615,0,2172603,3,44,31.96,93344.27,38.26,404823.09,b0,cigarro
967467615,0,2173290,4,49,31.90,93347.52,38.25,2760107.75,b0,cigarro
967467615,0,2177684,0,29,31.82,93352.09,38.18,1536384.12,b0,cigarro
967467615,0,2178469,1,34,32.16,93342.46,38.22,303857.56,b0,cigarro
967467615,0,2179156,2,39,31.33,93350.63,38.09,66131180,b0,cigarro
967467615,0,2179843,3,44,31.96,93345.30,38.22,406026.97,b0,cigarro
967467615,0,2180530,4,49,31.89,93349.75,38.22,2765698.75,b0,cigarro
967467615,0,2184934,0,29,31.81,93347.30,38.21,1551221.37,b0,cigarro
967467615,0,2185621,1,34,32.15,93347.31,38.27,305216.09,b0,cigarro
967467615,0,2186406,2,39,31.33,93348.83,38.14,66382376,b0,cigarro
967467615,0,2187093,3,44,31.96,93350.27,38.28,410174.25,b0,cigarro
967467615,0,2187780,4,49,31.89,93347.14,38.27,2793997.25,b0,cigarro
967467615,0,2192174,0,29,31.84,93352.16,38.27,1569048.12,b0,cigarro
967467615,0,2192861,1,34,32.19,93355.31,38.31,304943.41,b0,cigarro
967467615,0,2193646,2,39,31.35,93349.86,38.19,66839368,b0,cigarro
967467615,0,2194333,3,44,31.98,93349.32,38.31,409927.94,b0,cigarro
967467615,0,2195020,4,49,31.91,93348.04,38.31,2788291.25,b0,cigarro
967467615,0,2199414,0,29,31.84,93352.94,38.28,1571757.50,b0,cigarro
967467615,0,2200101,1,34,32.18,93350.14,38.32,305216.09,b0,cigarro
967467615,0,2200886,2,39,31.35,93351.08,38.20,66993100,b0,cigarro
967467615,0,2201573,3,44,31.98,93346.71,38.32,413904.59,b0,cigarro
967467615,0,2202260,4,49,31.92,93343.37,38.33,2817056.50,b0,cigarro
967467615,0,2206644,0,29,31.80,93351.59,38.35,1580856.75,b0,cigarro
967467615,0,2207429,1,34,32.15,93347.51,38.40,307138.56,b0,cigarro
967467615,0,2208116,2,39,31.33,93348.25,38.28,66941776,b0,cigarro
967467615,0,2208803,3,44,31.95,93345.93,38.41,412404.34,b0,cigarro
967467615,0,2209490,4,49,31.88,93348.21,38.43,2822880.75,b0,cigarro
967467615,0,2213884,0,29,31.78,93352.14,38.40,1590988.50,b0,cigarro
967467615,0,2214669,1,34,32.12,93348.13,38.45,310209.03,b0,cigarro
967467615,0,2215356,2,39,31.29,93350.91,38.31,67354576,b0,cigarro
967467615,0,2216043,3,44,31.91,93346.63,38.45,415415.81,b0,cigarro
967467615,0,2216730,4,49,31.84,93350.76,38.44,2828729.25,b0,cigarro
967467615,0,2221124,0,29,31.74,93351.43,38.42,1596569.87,b0,cigarro
967467615,0,2221909,1,34,32.07,93344.30,38.48,308248.03,b0,cigarro
967467615,0,2222596,2,39,31.24,93347.26,38.33,68302240,b0,cigarro
967467615,0,2223283,3,44,31.86,93345.97,38.46,417448.03,b0,cigarro
967467615,0,2223970,4,49,31.79,93350.30,38.47,2843457.25,b0,cigarro
967467615,0,2228364,0,29,31.74,93351.81,38.49,1584526.12,b0,cigarro
967467615,0,2229149,1,34,32.08,93344.43,38.54,305762.91,b0,cigarro
967467615,0,2229836,2,39,31.24,93348.22,38.40,67930552,b0,cigarro
967467615,0,2230523,3,44,31.86,93347.58,38.53,414910.84,b0,cigarro
967467615,0,2231210,4,49,31.79,93349.27,38.53,2840499.25,b0,cigarro
967467615,0,2235604,0,29,31.74,93351.63,38.47,1584526.12,b0,cigarro
967467615,0,2236389,1,34,32.09,93348.39,38.51,306862.44,b0,cigarro
967467615,0,2237076,2,39,31.27,93344.85,38.37,68516464,b0,cigarro
967467615,0,2237763,3,44,31.90,93345.93,38.50,413904.59,b0,cigarro
967467615,0,2238450,4,49,31.82,93351.84,38.49,2828729.25,b0,cigarro
967467615,0,2242844,0,29,31.76,93351.89,38.42,1583607.25,b0,cigarro
967467615,0,2243531,1,34,32.10,93345.66,38.46,307969.94,b0,cigarro
967467615,0,2244316,2,39,31.27,93345.80,38.33,67719968,b0,cigarro
967467615,0,2245003,3,44,31.91,93346.43,38.45,415163.19,b0,cigarro
967467615,0,2245690,4,49,31.84,93351.91,38.45,2834602,b0,cigarro
967467615,0,2250084,0,29,31.83,93345.01,38.41,1588212.50,b0,cigarro
967467615,0,2250771,1,34,32.17,93345.59,38.45,308248.03,b0,cigarro
967467615,0,2251556,2,39,31.35,93346.87,38.32,67667528,b0,cigarro
967467615,0,2252243,3,44,31.98,93340.51,38.45,415415.81,b0,cigarro
967467615,0,2252930,4,49,31.91,93342.02,38.42,2831662.75,b0,cigarro
967467615,0,2257324,0,29,31.86,93348.21,38.38,1588212.50,b0,cigarro
967467615,0,2258011,1,34,32.21,93346.11,38.42,307692.31,b0,cigarro
967467615,0,2258796,2,39,31.39,93349.44,38.29,67615168,b0,cigarro
967467615,0,2259483,3,44,32.01,93345.30,38.41,413904.59,b0,cigarro
967467615,0,2260170,4,49,31.95,93345.74,38.40,2819965.50,b0,cigarro
967467615,0,2264564,0,29,31.88,93350.64,38.33,1584526.12,b0,cigarro
967467615,0,2265251,1,34,32.23,93347.96,38.36,307415.19,b0,cigarro
967467615,0,2266036,2,39,31.40,93349.94,38.23,67406528,b0,cigarro
967467615,0,2266723,3,44,32.02,93344.41,38.34,413904.59,b0,cigarro
967467615,0,2267410,4,49,31.95,93350.15,38.33,2825802,b0,cigarro
967467615,0,2271804,0,29,31.90,93348.29,38.27,1577204.50,b0,cigarro
967467615,0,2272589,1,34,32.25,93346.62,38.31,305489.25,b0,cigarro
967467615,0,2273276,2,39,31.43,93352.38,38.16,67199176,b0,cigarro
967467615,0,2273963,3,44,32.05,93347.23,38.29,414407.13,b0,cigarro
967467615,0,2274650,4,49,31.97,93346.77,38.28,2808364.75,b0,cigarro
967467615,0,2279044,0,29,31.91,93345.61,38.23,1575384.62,b0,cigarro
967467615,0,2279829,1,34,32.26,93350.98,38.27,304399.53,b0,cigarro
967467615,0,2280516,2,39,31.43,93348.56,38.12,67877784,b0,cigarro
967467615,0,2281203,3,44,32.05,93347.23,38.26,410420.84,b0,cigarro
967467615,0,2281890,4,49,31.98,93345.31,38.25,2793997.25,b0,cigarro
967467615,0,2286284,0,29,31.91,93346.63,38.19,1566348,b0,cigarro
967467615,0,2287069,1,34,32.26,93352.76,38.24,305762.91,b0,cigarro
967467615,0,2287756,2,39,31.43,93348.95,38.11,67562888,b0,cigarro
967467615,0,2288443,3,44,32.06,93344.16,38.23,411906.69,b0,cigarro
967467615,0,2289130,4,49,31.98,93346.32,38.23,2793997.25,b0,cigarro
967467615,0,2293524,0,29,31.89,93348.55,38.22,1569950.12,b0,cigarro
967467615,0,2294309,1,34,32.24,93347.91,38.26,304399.53,b0,cigarro
967467615,0,2294996,2,39,31.42,93351.04,38.13,67147544,b0,cigarro
967467615,0,2295683,3,44,32.05,93347.81,38.28,413653.81,b0,cigarro
967467615,0,2296370,4,49,31.99,93346.45,38.27,2793997.25,b0,cigarro
967467615,0,2300764,0,29,31.94,93346.44,38.25,1577204.50,b0,cigarro
967467615,0,2301549,1,34,32.28,93350.40,38.29,306586.81,b0,cigarro
967467615,0,2302236,2,39,31.45,93346.78,38.15,67510688,b0,cigarro
967467615,0,2302923,3,44,32.09,93345.59,38.28,413904.59,b0,cigarro
967467615,0,2303610,4,49,32,93345.56,38.29,2825802,b0,cigarro
967467615,0,2308004,0,29,31.93,93349.50,38.24,1584526.12,b0,cigarro
967467615,0,2308789,1,34,32.26,93351.55,38.27,306586.81,b0,cigarro
967467615,0,2309476,2,39,31.43,93346.32,38.14,68089352,b0,cigarro
967467615,0,2310163,3,44,32.07,93344.69,38.28,415415.81,b0,cigarro
967467615,0,2310850,4,49,32.01,93349.15,38.26,2822880.75,b0,cigarro
967467615,0,2315244,0,29,31.95,93345.55,38.21,1586367.12,b0,cigarro
967467615,0,2316029,1,34,32.29,93347.72,38.25,306586.81,b0,cigarro
967467615,0,2316716,2,39,31.46,93348.13,38.12,67877784,b0,cigarro
967467615,0,2317403,3,44,32.09,93350.38,38.24,414155.72,b0,cigarro
967467615,0,2318090,4,49,32.01,93350.73,38.23,2808364.75,b0,cigarro
967467615,0,2322484,0,29,31.93,93342.69,38.18,1576294,b0,cigarro
967467615,0,2323171,1,34,32.28,93345.61,38.22,306037.06,b0,cigarro
967467615,0,2323956,2,39,31.44,93346.66,38.09,67562888,b0,cigarro
967467615,0,2324643,3,44,32.07,93347.70,38.21,413904.59,b0,cigarro
967467615,0,2325330,4,49,31.99,93347.02,38.21,2828729.25,b0,cigarro
967467615,0,2329724,0,29,31.91,93345.41,38.20,1595636.87,b0,cigarro
967467615,0,2330411,1,34,32.27,93343.88,38.25,307692.31,b0,cigarro
967467615,0,2331196,2,39,31.44,93348.70,38.13,68248896,b0,cigarro
967467615,0,2331883,3,44,32.06,93346.35,38.26,413904.59,b0,cigarro
967467615,0,2332570,4,49,32,93344.80,38.25,2828729.25,b0,cigarro
967467615,0,2336964,0,29,31.89,93342.92,38.24,1605015.62,b0,cigarro
967467615,0,2337651,1,34,32.24,93346.50,38.30,308526.66,b0,cigarro
967467615,0,2338436,2,39,31.40,93347.53,38.16,68840336,b0,cigarro
967467615,0,2339123,3,44,32.03,93349.97,38.30,417703.44,b0,cigarro
967467615,0,2339810,4,49,31.95,93347.34,38.30,2870357.50,b0,cigarro
967467615,0,2344204,0,29,31.84,93347.88,38.29,1633825.25,b0,cigarro
967467615,0,2344891,1,34,32.18,93345.92,38.34,311057.09,b0,cigarro
967467615,0,2345676,2,39,31.35,93347.50,38.21,69830584,b0,cigarro
967467615,0,2346363,3,44,31.97,93347.99,38.34,421052.63,b0,cigarro
967467615,0,2347050,4,49,31.90,93345.87,38.33,2900849.75,b0,cigarro
967467615,0,2351444,0,29,31.79,93346.85,38.39,1657628.50,b0,cigarro
967467615,0,2352131,1,34,32.12,93342.91,38.45,312767.25,b0,cigarro
967467615,0,2352916,2,39,31.29,93342.68,38.33,69719152,b0,cigarro
967467615,0,2353603,3,44,31.91,93342.22,38.47,424192.22,b0,cigarro
967467615,0,2354290,4,49,31.84,93352.55,38.49,2913229,b0,cigarro
967467615,0,2358684,0,29,31.73,93346.06,38.49,1633825.25,b0,cigarro
967467615,0,2359371,1,34,32.07,93349.92,38.54,312767.25,b0,cigarro
967467615,0,2360156,2,39,31.23,93346.68,38.40,70054520,b0,cigarro
967467615,0,2360843,3,44,31.86,93346.80,38.53,421312.50,b0,cigarro
967467615,0,2361530,4,49,31.79,93346.66,38.54,2888575.50,b0,cigarro
967467615,0,2365924,0,29,31.68,93347.84,38.49,1632848.37,b0,cigarro
967467615,0,2366611,1,34,32.01,93343.14,38.53,309927.38,b0,cigarro
967467615,0,2367396,2,39,31.18,93346.45,38.40,69552664,b0,cigarro
967467615,0,2368083,3,44,31.81,93352.34,38.53,419500.22,b0,cigarro
967467615,0,2368770,4,49,31.74,93346.83,38.54,2900849.75,b0,cigarro
967467615,0,2373164,0,29,31.64,93352.94,38.57,1637744.87,b0,cigarro
967467615,0,2373851,1,34,31.97,93348.80,38.63,314206.81,b0,cigarro
967467615,0,2374636,2,39,31.15,93352.43,38.52,69442120,b0,cigarro
967467615,0,2375323,3,44,31.78,93350.35,38.67,424984.44,b0,cigarro
967467615,0,2376010,4,49,31.71,93350.66,38.66,2925714.25,b0,cigarro
967467615,0,2380404,0,29,31.59,93347.04,38.71,1654615.25,b0,cigarro
967467615,0,2381091,1,34,31.93,93348.68,38.77,314496.31,b0,cigarro
967467615,0,2381876,2,39,31.11,93347.30,38.65,70393128,b0,cigarro
967467615,0,2382563,3,44,31.73,93350.28,38.78,425249.16,b0,cigarro
967467615,0,2383250,4,49,31.65,93350.63,38.79,2919458.25,b0,cigarro
967467615,0,2387644,0,29,31.56,93343.82,38.80,1673886.37,b0,cigarro
967467615,0,2388331,1,34,31.89,93345.54,38.86,315368.03,b0,cigarro
967467615,0,2389116,2,39,31.07,93347.55,38.73,71080264,b0,cigarro
967467615,0,2389803,3,44,31.70,93349.10,38.88,427914.75,b0,cigarro
967467615,0,2390490,4,49,31.61,93347.10,38.88,2957400.75,b0,cigarro
967467615,0,2394884,0,29,31.54,93343.76,38.90,1684210.50,b0,cigarro
967467615,0,2395571,1,34,31.89,93344.58,38.94,315076.94,b0,cigarro
967467615,0,2396356,2,39,31.07,93347.34,38.82,70735024,b0,cigarro
967467615,0,2397043,3,44,31.69,93346.55,38.94,427378.97,b0,cigarro
967467615,0,2397730,4,49,31.62,93348.64,38.94,2954201.25,b0,cigarro
967467615,0,2402124,0,29,31.51,93344.19,38.88,1663688,b0,cigarro
967467615,0,2402811,1,34,31.85,93346.67,38.92,313629.41,b0,cigarro
967467615,0,2403596,2,39,31.03,93344.84,38.78,70620688,b0,cigarro
967467615,0,2404283,3,44,31.65,93347.05,38.90,424984.44,b0,cigarro
967467615,0,2404970,4,49,31.58,93344.91,38.90,2951008.75,b0,cigarro
967467615,0,2409354,0,29,31.53,93350.91,38.83,1641683.37,b0,cigarro
967467615,0,2410139,1,34,31.87,93340.48,38.88,312195.13,b0,cigarro
967467615,0,2410826,2,39,31.04,93348.34,38.74,69998400,b0,cigarro
967467615,0,2411513,3,44,31.67,93347.90,38.87,423140.50,b0,cigarro
967467615,0,2412200,4,49,31.60,93348.57,38.87,2938307,b0,cigarro
967467615,0,2416594,0,29,31.53,93345.03,38.87,1651612.87,b0,cigarro
967467615,0,2417379,1,34,31.87,93342.27,38.92,312767.25,b0,cigarro
967467615,0,2418066,2,39,31.04,93345.73,38.80,70167024,b0,cigarro
967467615,0,2418753,3,44,31.67,93347.70,38.92,423665.69,b0,cigarro
967467615,0,2419440,4,49,31.59,93346.84,38.92,2941472.25,b0,cigarro
967467615,0,2423834,0,29,31.54,93343.95,38.90,1648621.50,b0,cigarro
967467615,0,2424619,1,34,31.89,93346.55,38.94,311625.06,b0,cigarro
967467615,0,2425306,2,39,31.07,93345.37,38.80,69998400,b0,cigarro
967467615,0,2425993,3,44,31.70,93342.28,38.92,421572.66,b0,cigarro
967467615,0,2426680,4,49,31.63,93346.15,38.90,2916340.25,b0,cigarro
967467615,0,2431074,0,29,31.55,93345.73,38.78,1631872.50,b0,cigarro
967467615,0,2431859,1,34,31.88,93344.19,38.81,308805.78,b0,cigarro
967467615,0,2432546,2,39,31.06,93346,38.66,69719152,b0,cigarro
967467615,0,2433233,3,44,31.68,93341.57,38.78,422093.97,b0,cigarro
967467615,0,2433920,4,49,31.61,93346.34,38.77,2885523,b0,cigarro
967467615,0,2438314,0,29,31.52,93347.13,38.69,1604072.87,b0,cigarro
967467615,0,2439099,1,34,31.86,93345.16,38.73,308526.66,b0,cigarro
967467615,0,2439786,2,39,31.04,93344.13,38.62,68948976,b0,cigarro
967467615,0,2440473,3,44,31.67,93344.51,38.74,418471.59,b0,cigarro
967467615,0,2441160,4,49,31.60,93344.17,38.74,2888575.50,b0,cigarro
967467615,0,2445554,0,29,31.52,93342.29,38.72,1610696,b0,cigarro
967467615,0,2446339,1,34,31.87,93347.70,38.76,308805.78,b0,cigarro
967467615,0,2447026,2,39,31.05,93342.11,38.63,68732040,b0,cigarro
967467615,0,2447713,3,44,31.67,93345.09,38.76,418471.59,b0,cigarro
967467615,0,2448400,4,49,31.61,93344.30,38.74,2879437.50,b0,cigarro
967467615,0,2452794,0,29,31.52,93343.69,38.71,1605015.62,b0,cigarro
967467615,0,2453481,1,34,31.86,93349.17,38.76,310491.22,b0,cigarro
967467615,0,2454266,2,39,31.03,93345.02,38.63,68732040,b0,cigarro
967467615,0,2454953,3,44,31.65,93345.22,38.76,420016.41,b0,cigarro
967467615,0,2455640,4,49,31.58,93349.71,38.78,2900849.75,b0,cigarro
967467615,0,2460034,0,29,31.50,93347.45,38.81,1644649.62,b0,cigarro
967467615,0,2460819,1,34,31.84,93348.72,38.87,310491.22,b0,cigarro
967467615,0,2461506,2,39,31.02,93344.89,38.75,69830584,b0,cigarro
967467615,0,2462193,3,44,31.64,93349.28,38.89,423665.69,b0,cigarro
967467615,0,2462880,4,49,31.57,93344.60,38.88,2944644.25,b0,cigarro
967467615,0,2467274,0,29,31.46,93351.13,38.90,1651612.87,b0,cigarro
967467615,0,2468059,1,34,31.80,93351,38.94,312195.13,b0,cigarro
967467615,0,2468746,2,39,30.98,93346.77,38.81,70167024,b0,cigarro
967467615,0,2469433,3,44,31.59,93348.82,38.95,425249.16,b0,cigarro
967467615,0,2470120,4,49,31.52,93347.31,38.95,2922583,b0,cigarro
967467615,0,2474514,0,29,31.46,93344.94,38.95,1653613.25,b0,cigarro
967467615,0,2475299,1,34,31.81,93350.37,39,312195.13,b0,cigarro
967467615,0,2475986,2,39,30.99,93348.13,38.87,70506728,b0,cigarro
967467615,0,2476673,3,44,31.61,93348.70,39,424720.03,b0,cigarro
967467615,0,2477360,4,49,31.54,93342.99,38.99,2928852.25,b0,cigarro
967467615,0,2481754,0,29,31.45,93344.23,38.98,1659643.37,b0,cigarro
967467615,0,2482539,1,34,31.79,93341.23,39.03,313341.50,b0,cigarro
967467615,0,2483226,2,39,30.97,93346.65,38.92,70563664,b0,cigarro
967467615,0,2483913,3,44,31.58,93347.27,39.06,424192.22,b0,cigarro
967467615,0,2484600,4,49,31.51,93343.61,39.07,2938307,b0,cigarro
967467615,0,2489004,0,29,31.42,93346.01,39.10,1688375.87,b0,cigarro
967467615,0,2489691,1,34,31.76,93352.26,39.15,315368.03,b0,cigarro
967467615,0,2490476,2,39,30.93,93346.29,39.03,71780944,b0,cigarro
967467615,0,2491163,3,44,31.55,93349.31,39.16,426577.78,b0,cigarro
967467615,0,2491850,4,49,31.47,93342.64,39.16,2951008.75,b0,cigarro
967467615,0,2496244,0,29,31.41,93345.49,39.17,1676970.37,b0,cigarro
967467615,0,2496931,1,34,31.76,93348.30,39.21,316244.59,b0,cigarro
967467615,0,2497716,2,39,30.93,93348.47,39.07,71196088,b0,cigarro
967467615,0,2498403,3,44,31.56,93343.45,39.20,426311.41,b0,cigarro
967467615,0,2499090,4,49,31.50,93347.69,39.16,2970268.25,b0,cigarro
967467615,0,2503484,0,29,31.41,93343.70,39.05,1662675,b0,cigarro
967467615,0,2504171,1,34,31.75,93346.52,39.08,313054.13,b0,cigarro
967467615,0,2504956,2,39,30.93,93346.11,38.94,69942368,b0,cigarro
967467615,0,2505643,3,44,31.55,93344.72,39.05,425249.16,b0,cigarro
967467615,0,2506330,4,49,31.48,93344.18,39.04,2947823,b0,cigarro
967467615,0,2510724,0,29,31.39,93347.41,38.98,1637744.87,b0,cigarro
967467615,0,2511411,1,34,31.74,93350.02,39.01,312195.13,b0,cigarro
967467615,0,2512196,2,39,30.91,93346.22,38.88,70393128,b0,cigarro
967467615,0,2512883,3,44,31.53,93345.23,39,422616.59,b0,cigarro
967467615,0,2513570,4,49,31.46,93351.13,39.01,2928852.25,b0,cigarro
967467615,0,2517964,0,29,31.40,93344.32,39.02,1644649.62,b0,cigarro
967467615,0,2518651,1,34,31.74,93353.22,39.08,313341.50,b0,cigarro
967467615,0,2519436,2,39,30.91,93345.02,38.96,69830584,b0,cigarro
967467615,0,2520123,3,44,31.53,93341.26,39.10,425779.63,b0,cigarro
967467615,0,2520810,4,49,31.45,93349.78,39.10,2951008.75,b0,cigarro
967467615,0,2525204,0,29,31.39,93347.19,39.16,1679032.62,b0,cigarro
967467615,0,2525891,1,34,31.74,93346.83,39.22,314496.31,b0,cigarro
967467615,0,2526676,2,39,30.91,93339.59,39.11,71722024,b0,cigarro
967467615,0,2527363,3,44,31.53,93342.23,39.23,426577.78,b0,cigarro
967467615,0,2528050,4,49,31.47,93344.68,39.23,2976744.25,b0,cigarro
967467615,0,2532444,0,29,31.37,93349.94,39.22,1706311.12,b0,cigarro
967467615,0,2533131,1,34,31.72,93350.98,39.27,316831.69,b0,cigarro
967467615,0,2533916,2,39,30.88,93344.60,39.13,71428880,b0,cigarro
967467615,0,2534603,3,44,31.50,93344.05,39.27,430613.97,b0,cigarro
967467615,0,2535290,4,49,31.43,93352.33,39.25,2996342.25,b0,cigarro
967467615,0,2539684,0,29,31.35,93349.09,39.27,1707378.12,b0,cigarro
967467615,0,2540371,1,34,31.70,93348.30,39.33,319500.78,b0,cigarro
967467615,0,2541156,2,39,30.87,93345.30,39.21,72017584,b0,cigarro
967467615,0,2541843,3,44,31.50,93346.66,39.35,431976.38,b0,cigarro
967467615,0,2542530,4,49,31.43,93343.71,39.36,3086661.75,b0,cigarro
967467615,0,2546924,0,29,31.34,93347.77,39.36,1721370,b0,cigarro
967467615,0,2547611,1,34,31.68,93346.44,39.41,319202,b0,cigarro
967467615,0,2548396,2,39,30.85,93340.19,39.28,72495576,b0,cigarro
967467615,0,2549083,3,44,31.47,93346.85,39.42,432797.97,b0,cigarro
967467615,0,2549770,4,49,31.40,93341.52,39.42,3067590.25,b0,cigarro
967467615,0,2554164,0,29,31.30,93348.24,39.40,1715961.50,b0,cigarro
967467615,0,2554851,1,34,31.64,93345.72,39.45,319202,b0,cigarro
967467615,0,2555636,2,39,30.81,93345.08,39.32,72315584,b0,cigarro
967467615,0,2556323,3,44,31.43,93347.73,39.46,431703.22,b0,cigarro
967467615,0,2557010,4,49,31.35,93345.46,39.45,3079699.25,b0,cigarro
967467615,0,2561404,0,29,31.26,93348.48,39.42,1712732.62,b0,cigarro
967467615,0,2562091,1,34,31.61,93344.69,39.45,320701.53,b0,cigarro
967467615,0,2562876,2,39,30.79,93344.40,39.31,72136488,b0,cigarro
967467615,0,2563563,3,44,31.41,93344.66,39.43,432249.91,b0,cigarro
967467615,0,2564250,4,49,31.34,93351.58,39.42,3065868.25,b0,cigarro
967467615,0,2568644,0,29,31.27,93349.82,39.38,1682135.50,b0,cigarro
967467615,0,2569331,1,34,31.63,93347.99,39.42,316831.69,b0,cigarro
967467615,0,2570116,2,39,30.81,93348.89,39.29,71780944,b0,cigarro
967467615,0,2570803,3,44,31.44,93347.48,39.42,431157.91,b0,cigarro
967467615,0,2571490,4,49,31.38,93349.11,39.42,2973502.75,b0,cigarro
967467615,0,2575884,0,29,31.33,93348.45,39.36,1693611.75,b0,cigarro
967467615,0,2576571,1,34,31.68,93350.26,39.40,318308.97,b0,cigarro
967467615,0,2577356,2,39,30.86,93347.59,39.25,71899064,b0,cigarro
967467615,0,2578043,3,44,31.48,93346.22,39.37,429530.19,b0,cigarro
967467615,0,2578730,4,49,31.41,93347.86,39.37,2979992.75,b0,cigarro
967467615,0,2583124,0,29,31.34,93341.30,39.32,1686290.62,b0,cigarro
967467615,0,2583811,1,34,31.70,93348.92,39.38,316244.59,b0,cigarro
967467615,0,2584596,2,39,30.87,93347.27,39.24,71545848,b0,cigarro
967467615,0,2585283,3,44,31.49,93348.52,39.36,427111.56,b0,cigarro
967467615,0,2585970,4,49,31.43,93345.37,39.35,2973502.75,b0,cigarro
967467615,0,2590364,0,29,31.35,93346.09,39.32,1674913.12,b0,cigarro
967467615,0,2591051,1,34,31.70,93349.88,39.37,315076.94,b0,cigarro
967467615,0,2591836,2,39,30.88,93347.86,39.24,71312296,b0,cigarro
967467615,0,2592523,3,44,31.50,93347.63,39.35,429530.19,b0,cigarro
967467615,0,2593210,4,49,31.44,93349.91,39.34,2989781,b0,cigarro
967467615,0,2597604,0,29,31.35,93347.70,39.25,1683172.37,b0,cigarro
967467615,0,2598291,1,34,31.70,93349.88,39.29,315951.88,b0,cigarro
967467615,0,2599076,2,39,30.87,93348.48,39.15,71196088,b0,cigarro
967467615,0,2599763,3,44,31.49,93347.11,39.26,428720.97,b0,cigarro
967467615,0,2600450,4,49,31.42,93350.42,39.25,2970268.25,b0,cigarro
967467615,0,2604834,0,29,31.33,93349.60,39.18,1685250,b0,cigarro
967467615,0,2605619,1,34,31.68,93352.24,39.22,317420.97,b0,cigarro
967467615,0,2606306,2,39,30.85,93347.39,39.08,71545848,b0,cigarro
967467615,0,2606993,3,44,31.48,93350.82,39.21,429530.19,b0,cigarro
967467615,0,2607680,4,49,31.41,93351.88,39.20,2973502.75,b0,cigarro
967467615,0,2612074,0,29,31.32,93343.86,39.17,1681100,b0,cigarro
967467615,0,2612859,1,34,31.67,93347.05,39.23,316244.59,b0,cigarro
967467615,0,2613546,2,39,30.85,93342.61,39.09,71428880,b0,cigarro
967467615,0,2614233,3,44,31.47,93346.85,39.22,426844.53,b0,cigarro
967467615,0,2614920,4,49,31.40,93347.72,39.22,2983248.25,b0,cigarro
967467615,0,2619314,0,29,31.33,93349.66,39.20,1689420.50,b0,cigarro
967467615,0,2620099,1,34,31.67,93344.70,39.25,314786.34,b0,cigarro
967467615,0,2620786,2,39,30.85,93343.23,39.11,72017584,b0,cigarro
967467615,0,2621473,3,44,31.47,93345.90,39.24,430071.41,b0,cigarro
967467615,0,2622160,4,49,31.39,93340.16,39.24,2986511,b0,cigarro
967467615,0,2626554,0,29,31.33,93343.80,39.21,1698880.12,b0,cigarro
967467615,0,2627339,1,34,31.68,93345.59,39.24,316244.59,b0,cigarro
967467615,0,2628026,2,39,30.86,93347.59,39.11,71370544,b0,cigarro
967467615,0,2628713,3,44,31.48,93350.63,39.24,428451.88,b0,cigarro
967467615,0,2629400,4,49,31.41,93346.70,39.24,3065868.25,b0,cigarro
967467615,0,2633794,0,29,31.33,93349.02,39.20,1690466.37,b0,cigarro
967467615,0,2634579,1,34,31.68,93347.64,39.26,316244.59,b0,cigarro
967467615,0,2635266,2,39,30.86,93347.59,39.11,72076984,b0,cigarro
967467615,0,2635953,3,44,31.48,93349.23,39.25,431976.38,b0,cigarro
967467615,0,2636640,4,49,31.41,93348.30,39.24,2986511,b0,cigarro
967467615,0,2641034,0,29,31.34,93345.58,39.20,1686290.62,b0,cigarro
967467615,0,2641721,1,34,31.69,93350.40,39.26,317420.97,b0,cigarro
967467615,0,2642506,2,39,30.86,93348.55,39.12,71545848,b0,cigarro
967467615,0,2643193,3,44,31.48,93345.59,39.26,431157.91,b0,cigarro
967467615,0,2643880,4,49,31.41,93347.66,39.26,2989781,b0,cigarro
967467615,0,2648274,0,29,31.35,93342.91,39.28,1712732.62,b0,cigarro
967467615,0,2648961,1,34,31.68,93347.19,39.33,318606.09,b0,cigarro
967467615,0,2649746,2,39,30.85,93345.80,39.19,72495576,b0,cigarro
967467615,0,2650433,3,44,31.46,93347.75,39.33,433898.31,b0,cigarro
967467615,0,2651120,4,49,31.38,93345.85,39.32,3093655.50,b0,cigarro
967467615,0,2655514,0,29,31.33,93346.41,39.31,1723543,b0,cigarro
967467615,0,2656201,1,34,31.68,93347.45,39.35,319202,b0,cigarro
967467615,0,2656986,2,39,30.86,93345.36,39.22,72979952,b0,cigarro
967467615,0,2657673,3,44,31.49,93346.36,39.35,433347.44,b0,cigarro
967467615,0,2658360,4,49,31.42,93347.21,39.34,3074498,b0,cigarro
967467615,0,2662754,0,29,31.33,93348.83,39.28,1713807.50,b0,cigarro
967467615,0,2663441,1,34,31.67,93347.05,39.31,320100.03,b0,cigarro
967467615,0,2664226,2,39,30.85,93348.22,39.17,72797560,b0,cigarro
967467615,0,2664913,3,44,31.47,93350.88,39.30,433347.44,b0,cigarro
967467615,0,2665600,4,49,31.40,93351.16,39.30,3084918,b0,cigarro
967467615,0,2669984,0,29,31.30,93346.20,39.28,1733389.75,b0,cigarro
967467615,0,2670769,1,34,31.66,93344.18,39.34,321305.31,b0,cigarro
967467615,0,2671456,2,39,30.85,93339.42,39.22,73347512,b0,cigarro
967467615,0,2672143,3,44,31.48,93342.78,39.35,433072.53,b0,cigarro
967467615,0,2672830,4,49,31.41,93343.65,39.34,3095409,b0,cigarro
967467615,0,2677224,0,29,31.34,93343.72,39.28,1731191.87,b0,cigarro
967467615,0,2677911,1,34,31.69,93344.13,39.32,320400.50,b0,cigarro
967467615,0,2678696,2,39,30.87,93342.51,39.19,73224584,b0,cigarro
967467615,0,2679383,3,44,31.49,93345.71,39.32,434450.56,b0,cigarro
967467615,0,2680070,4,49,31.42,93343.77,39.32,3091904.25,b0,cigarro
967467615,0,2684464,0,29,31.34,93345.52,39.29,1731191.87,b0,cigarro
967467615,0,2685151,1,34,31.69,93348.73,39.34,319202,b0,cigarro
967467615,0,2685936,2,39,30.87,93345.12,39.22,73347512,b0,cigarro
967467615,0,2686623,3,44,31.49,93346.73,39.34,435281.63,b0,cigarro
967467615,0,2687310,4,49,31.41,93347.86,39.34,3093655.50,b0,cigarro
967467615,0,2691704,0,29,31.34,93346.92,39.32,1733389.75,b0,cigarro
967467615,0,2692391,1,34,31.69,93347.96,39.36,319800.13,b0,cigarro
967467615,0,2693176,2,39,30.87,93340.70,39.22,73347512,b0,cigarro
967467615,0,2693863,3,44,31.49,93344.70,39.36,433622.69,b0,cigarro
967467615,0,2694550,4,49,31.43,93343.95,39.35,3102442.75,b0,cigarro
967467615,0,2698934,0,29,31.37,93341.70,39.30,1745578.50,b0,cigarro
967467615,0,2699621,1,34,31.73,93346.70,39.34,321305.31,b0,cigarro
967467615,0,2700406,2,39,30.89,93342.76,39.20,72495576,b0,cigarro
967467615,0,2701093,3,44,31.51,93358.81,39.34,435281.63,b0,cigarro
967467615,0,2701780,4,49,31.44,93345.50,39.33,3121951.25,b0,cigarro
967467615,0,2706174,0,29,31.36,93343.61,39.34,1750053.37,b0,cigarro
967467615,0,2706861,1,34,31.71,93348.23,39.43,320701.53,b0,cigarro
967467615,0,2707646,2,39,30.88,93341.21,39.37,73409128,b0,cigarro
967467615,0,2708333,3,44,31.51,93343.55,39.57,437513.34,b0,cigarro
967467615,0,2709020,4,49,31.46,93342.96,39.64,3130900,b0,cigarro
967467615,0,2713414,0,29,31.34,93345.97,39.62,1750053.37,b0,cigarro
967467615,0,2714101,1,34,31.68,93349.24,39.66,322824.72,b0,cigarro
967467615,0,2714886,2,39,30.87,93340.65,39.51,73594608,b0,cigarro
967467615,0,2715573,3,44,31.52,93345.09,39.65,437513.34,b0,cigarro
967467615,0,2716260,4,49,31.46,93347.56,39.64,3123737,b0,cigarro
967467615,0,2720654,0,29,31.36,93368.26,39.49,1782031.75,b0,cigarro
967467615,0,2721341,1,34,31.73,93344.27,39.54,326843.28,b0,cigarro
967467615,0,2722126,2,39,30.89,93335.11,39.40,75242248,b0,cigarro
967467615,0,2722813,3,44,31.51,93339.98,39.54,444637.44,b0,cigarro
967467615,0,2723500,4,49,31.39,93347.59,39.52,3215701.75,b0,cigarro
967467615,0,2727884,0,29,31.28,93339.16,39.29,1943074,b0,cigarro
967467615,0,2728669,1,34,31.61,93339.88,39.27,342246,b0,cigarro
967467615,0,2729356,2,39,30.77,93340.14,39.08,84236504,b0,cigarro
967467615,0,2730043,3,44,31.39,93340.62,39.18,485768.50,b0,cigarro
967467615,0,2730730,4,49,31.27,93337,39.11,3671896,b0,cigarro
967467615,0,2735124,0,29,31.10,93341.55,38.71,2400937.75,b0,cigarro
967467615,0,2735909,1,34,31.45,93343.97,38.70,387585.16,b0,cigarro
967467615,0,2736596,2,39,30.64,93344.61,38.51,99598784,b0,cigarro
967467615,0,2737283,3,44,31.26,93344.91,38.57,534446.75,b0,cigarro
967467615,0,2737970,4,49,31.19,93347.35,38.49,4219418,b0,cigarro
967467615,0,2742364,0,29,31.07,93342.56,38.10,2771312.50,b0,ar
967467615,0,2743149,1,34,31.40,93344.53,38.12,410667.75,b0,ar
967467615,0,2743836,2,39,30.56,93341.88,37.94,102400000,b0,ar
967467615,0,2744523,3,44,31.19,93340.34,38.05,571588.06,b0,ar
967467615,0,2745210,4,49,31.13,93342.78,38.01,4576536.50,b0,ar
967467615,0,2749604,0,29,31.05,93342.68,37.90,2983248.25,b0,ar
967467615,0,2750291,1,34,31.39,93348.59,37.95,428990.38,b0,ar
967467615,0,2751076,2,39,30.56,93346.28,37.81,102400000,b0,ar
967467615,0,2751763,3,44,31.20,93344.30,37.92,591394.75,b0,ar
967467615,0,2752450,4,49,31.13,93343.93,37.91,4814575.50,b0,ar
967467615,0,2756844,0,29,31.07,93344.16,37.81,3240506.25,b0,ar
967467615,0,2757531,1,34,31.40,93346.31,37.85,448729.19,b0,ar
967467615,0,2758316,2,39,30.57,93342.65,37.71,102400000,b0,ar
967467615,0,2759003,3,44,31.19,93340.71,37.84,608256.63,b0,ar
967467615,0,2759690,4,49,31.14,93345.09,37.84,5008866,b0,ar
967467615,0,2764084,0,29,31.07,93342.37,37.77,3419031.75,b0,ar
967467615,0,2764771,1,34,31.41,93343.65,37.81,460224.72,b0,ar
967467615,0,2765556,2,39,30.59,93338.08,37.67,102400000,b0,ar
967467615,0,2766243,3,44,31.21,93344.61,37.79,631319.38,b0,ar
967467615,0,2766930,4,49,31.16,93346.57,37.77,5165195.50,b0,ar
967467615,0,2771324,0,29,31.07,93342.76,37.72,3518144.75,b0,ar
967467615,0,2772011,1,34,31.41,93345.87,37.76,469724.78,b0,ar
967467615,0,2772796,2,39,30.58,93342.41,37.61,102400000,b0,ar
967467615,0,2773483,3,44,31.19,93343.52,37.73,643216.06,b0,ar
967467615,0,2774170,4,49,31.12,93342.22,37.70,5321208,b0,ar
967467615,0,2778554,0,29,31.04,93340.37,37.58,3568721.50,b0,ar
967467615,0,2779339,1,34,31.37,93342.91,37.62,474623.41,b0,ar
967467615,0,2780026,2,39,30.55,93339.77,37.48,102400000,b0,ar
967467615,0,2780713,3,44,31.17,93342.69,37.58,653061.25,b0,ar
967467615,0,2781400,4,49,31.10,93339.13,37.58,5384160.50,b0,ar
967467615,0,2785794,0,29,31.01,93341.19,37.49,3640080,b0,ar
967467615,0,2786481,1,34,31.34,93341.30,37.53,480638.34,b0,ar
967467615,0,2787266,2,39,30.52,93339.36,37.40,102400000,b0,ar
967467615,0,2787953,3,44,31.15,93340.26,37.52,654313.13,b0,ar
967467615,0,2788640,4,49,31.08,93342.51,37.53,5486939,b0,ar
967467615,0,2793034,0,29,31.01,93339.14,37.53,3659593.50,b0,ar
967467615,0,2793721,1,34,31.35,93336.27,37.57,482336.31,b0,ar
967467615,0,2794506,2,39,30.52,93339.75,37.44,102400000,b0,ar
967467615,0,2795193,3,44,31.15,93341.60,37.56,665799.75,b0,ar
967467615,0,2795880,4,49,31.08,93349.52,37.56,5520215.50,b0,ar
967467615,0,2800274,0,29,30.98,93338.73,37.48,3739785.50,b0,ar
967467615,0,2800961,1,34,31.31,93343.72,37.52,489600.75,b0,ar
967467615,0,2801746,2,39,30.49,93337.93,37.38,102400000,b0,ar
967467615,0,2802433,3,44,31.12,93343.41,37.50,673684.19,b0,ar
967467615,0,2803120,4,49,31.04,93345.35,37.49,5645761.50,b0,ar
967467615,0,2807514,0,29,31.02,93343.67,37.45,3823570.50,b0,ar
967467615,0,2808201,1,34,31.36,93340.80,37.50,498539.44,b0,ar
967467615,0,2808986,2,39,30.55,93339.58,37.37,102400000,b0,ar
967467615,0,2809673,3,44,31.18,93341.23,37.49,681757.69,b0,ar
967467615,0,2810360,4,49,31.11,93342.52,37.48,5698782.50,b0,ar
967467615,0,2814754,0,29,31.02,93342.66,37.38,3842401.50,b0,ar
967467615,0,2815441,1,34,31.36,93340.42,37.42,502946.97,b0,ar
967467615,0,2816226,2,39,30.53,93341.29,37.28,102400000,b0,ar
967467615,0,2816913,3,44,31.16,93341.72,37.39,687940.88,b0,ar
967467615,0,2817600,4,49,31.10,93341.17,37.38,5777151,b0,ar
967467615,0,2821994,0,29,31.01,93338.76,37.30,3947951.75,b0,ar
967467615,0,2822681,1,34,31.35,93342.09,37.34,505928.84,b0,ar
967467615,0,2823466,2,39,30.52,93336.95,37.21,102400000,b0,ar
967467615,0,2824153,3,44,31.16,93341.34,37.32,691424.69,b0,ar
967467615,0,2824840,4,49,31.10,93343.79,37.32,5851428.50,b0,ar
967467615,0,2829234,0,29,31,93337.41,37.27,3982498.75,b0,ar
967467615,0,2829921,1,34,31.34,93339.34,37.32,512384.28,b0,ar
967467615,0,2830706,2,39,30.53,93338.66,37.19,102400000,b0,ar
967467615,0,2831393,3,44,31.16,93343.77,37.31,697785.38,b0,ar
967467615,0,2832080,4,49,31.08,93339.25,37.30,5914801.50,b0,ar
967467615,0,2836464,0,29,31.01,93340.73,37.27,4035468,b0,ar
967467615,0,2837249,1,34,31.35,93341.88,37.31,512769.16,b0,ar
967467615,0,2837936,2,39,30.54,93339.84,37.18,102400000,b0,ar
967467615,0,2838623,3,44,31.17,93341.66,37.31,702091.19,b0,ar
967467615,0,2839310,4,49,31.10,93338.13,37.31,6030180.50,b0,ar
967467615,0,2843704,0,29,31.03,93341.83,37.27,4041440.50,b0,ar
967467615,0,2844489,1,34,31.36,93339.97,37.30,519401.47,b0,ar
967467615,0,2845176,2,39,30.55,93337.98,37.18,102400000,b0,ar
967467615,0,2845863,3,44,31.18,93340.20,37.31,702814,b0,ar
967467615,0,2846550,4,49,31.12,93338.82,37.29,6083921.50,b0,ar
967467615,0,2850944,0,29,31.05,93339.68,37.25,4071570.50,b0,ar
967467615,0,2851729,1,34,31.39,93339.99,37.28,519006.59,b0,ar
967467615,0,2852416,2,39,30.56,93340.48,37.14,102400000,b0,ar
967467615,0,2853103,3,44,31.20,93340.66,37.27,705720.19,b0,ar
967467615,0,2853790,4,49,31.14,93341.27,37.26,6097506.50,b0,ar
967467615,0,2858184,0,29,31.07,93343.14,37.21,4136329.25,b0,ar
967467615,0,2858871,1,34,31.41,93341.85,37.25,522182.56,b0,ar
967467615,0,2859656,2,39,30.57,93342.21,37.11,102400000,b0,ar
967467615,0,2860343,3,44,31.20,93342.07,37.24,708650.50,b0,ar
967467615,0,2861030,4,49,31.14,93341.07,37.24,6194329,b0,ar
967467615,0,2865424,0,29,31.09,93339.83,37.21,4167896.25,b0,ar
967467615,0,2866111,1,34,31.43,93342.11,37.27,522982.63,b0,ar
967467615,0,2866896,2,39,30.59,93338.08,37.13,102400000,b0,ar
967467615,0,2867583,3,44,31.20,93340.86,37.25,714584.81,b0,ar
967467615,0,2868270,4,49,31.14,93339.09,37.25,6159398.50,b0,ar
967467615,0,2872664,0,29,31.08,93345.88,37.20,4164717.75,b0,ar
967467615,0,2873351,1,34,31.41,93342.30,37.24,524590.19,b0,ar
967467615,0,2874136,2,39,30.58,93340.18,37.10,102400000,b0,ar
967467615,0,2874823,3,44,31.22,93345.77,37.22,717589.38,b0,ar
967467615,0,2875510,4,49,31.17,93339.50,37.21,6211943,b0,ar
967467615,0,2879904,0,29,31.11,93339.47,37.15,4183861,b0,ar
967467615,0,2880591,1,34,31.46,93340.73,37.18,525397.63,b0,ar
967467615,0,2881376,2,39,30.62,93335.87,37.04,102400000,b0,ar
967467615,0,2882063,3,44,31.26,93340.50,37.17,716083.94,b0,ar
967467615,0,2882750,4,49,31.19,93337.97,37.14,6222560,b0,ar
967467615,0,2887134,0,29,31.10,93337.92,37.07,4248962.50,b0,ar
967467615,0,2887919,1,34,31.44,93337.84,37.10,532778.38,b0,ar
967467615,0,2888606,2,39,30.61,93335.98,36.97,102400000,b0,ar
967467615,0,2889293,3,44,31.24,93339.02,37.09,719101.13,b0,ar
967467615,0,2889980,4,49,31.17,93342.30,37.08,6308818,b0,ar
967467615,0,2894374,0,29,31.12,93345.03,37.05,4255584.50,b0,ar
967467615,0,2895159,1,34,31.46,93341.11,37.09,530707.44,b0,ar
967467615,0,2895846,2,39,30.63,93336.46,36.96,102400000,b0,ar
967467615,0,2896533,3,44,31.25,93337.11,37.08,729864.56,b0,ar
967467615,0,2897220,4,49,31.18,93337.78,37.07,6268988,b0,ar
967467615,0,2901614,0,29,31.12,93343.41,37.03,4295752.50,b0,ar
967467615,0,2902399,1,34,31.45,93338.16,37.06,531120.31,b0,ar
967467615,0,2903086,2,39,30.63,93338.23,36.93,102400000,b0,ar
967467615,0,2903773,3,44,31.26,93342.09,37.05,729864.56,b0,ar
967467615,0,2904460,4,49,31.19,93340.53,37.03,6338104.50,b0,ar
967467615,0,2908854,0,29,31.12,93340.61,37,4312714,b0,ar
967467615,0,2909639,1,34,31.47,93341.87,37.04,535284.88,b0,ar
967467615,0,2910326,2,39,30.64,93334.99,36.91,102400000,b0,ar
967467615,0,2911013,3,44,31.26,93339.87,37.03,731428.56,b0,ar
967467615,0,2911700,4,49,31.20,93337.09,37.03,6323427,b0,ar
967467615,0,2916094,0,29,31.13,93333.34,36.99,4302521,b0,ar
967467615,0,2916879,1,34,31.47,93336.84,37.03,534446.75,b0,ar
967467615,0,2917566,2,39,30.64,93343.79,36.91,102400000,b0,ar
967467615,0,2918253,3,44,31.26,93342.87,37.02,732213.06,b0,ar
967467615,0,2918940,4,49,31.20,93338.10,37.01,6397501,b0,ar
967467615,0,2923334,0,29,31.15,93340.26,36.96,4336686,b0,ar
967467615,0,2924021,1,34,31.49,93339.71,37,533611.25,b0,ar
967467615,0,2924806,2,39,30.66,93339.86,36.87,102400000,b0,ar
967467615,0,2925493,3,44,31.29,93343.07,36.99,736161.06,b0,ar
967467615,0,2926180,4,49,31.22,93339.13,36.98,6390015.50,b0,ar
967467615,0,2930574,0,29,31.15,93344.20,36.94,4357447,b0,ar
967467615,0,2931261,1,34,31.49,93339.52,36.98,535284.88,b0,ar
967467615,0,2932046,2,39,30.66,93339.29,36.86,102400000,b0,ar
967467615,0,2932733,3,44,31.29,93342.88,36.98,736955.75,b0,ar
967467615,0,2933420,4,49,31.22,93340.16,36.96,6405004,b0,ar
967467615,0,2937814,0,29,31.16,93341.34,36.92,4340132.50,b0,ar
967467615,0,2938501,1,34,31.51,93338.58,36.97,539942,b0,ar
967467615,0,2939286,2,39,30.68,93338.54,36.84,102400000,b0,ar
967467615,0,2939973,3,44,31.31,93345.38,36.96,737752.19,b0,ar
967467615,0,2940660,4,49,31.23,93341.06,36.95,6420062.50,b0,ar
967467615,0,2945054,0,29,31.15,93341.60,36.91,4347041.50,b0,ar
967467615,0,2945741,1,34,31.48,93337.54,36.95,540369.38,b0,ar
967467615,0,2946526,2,39,30.66,93338.25,36.82,102400000,b0,ar
967467615,0,2947213,3,44,31.28,93337.52,36.92,740955.13,b0,ar
967467615,0,2947900,4,49,31.21,93339.58,36.92,6458021.50,b0,ar
967467615,0,2952294,0,29,31.17,93341.47,36.87,4392493.50,b0,ar
967467615,0,2952981,1,34,31.50,93342.02,36.91,538239.19,b0,ar
967467615,0,2953766,2,39,30.67,93339.16,36.77,102400000,b0,ar
967467615,0,2954453,3,44,31.30,93343.58,36.91,743375.69,b0,ar
967467615,0,2955140,4,49,31.23,93336.08,36.89,6473330.50,b0,ar
967467615,0,2959534,0,29,31.15,93343.43,36.85,4428108,b0,ar
967467615,0,2960221,1,34,31.49,93343.36,36.90,545551.44,b0,ar
967467615,0,2961006,2,39,30.66,93336.66,36.77,102400000,b0,ar
967467615,0,2961693,3,44,31.29,93341.27,36.91,741760.25,b0,ar
967467615,0,2962380,4,49,31.22,93338.75,36.91,6477169.50,b0,ar
967467615,0,2966774,0,29,31.16,93339.75,37.01,4329809.50,b0,ar
967467615,0,2967461,1,34,31.49,93341.89,37.07,535284.88,b0,ar
967467615,0,2968246,2,39,30.68,93339.55,36.95,102400000,b0,ar
967467615,0,2968933,3,44,31.30,93341.41,37.07,734576.75,b0,ar
967467615,0,2969620,4,49,31.22,93346.73,37.06,6345468.50,b0,ar
967467615,0,2974014,0,29,31.16,93340.95,37,4309311,b0,ar
967467615,0,2974701,1,34,31.50,93342.28,37.05,536125.63,b0,ar
967467615,0,2975486,2,39,30.66,93337.44,36.93,102400000,b0,ar
967467615,0,2976173,3,44,31.30,93339.63,37.05,732999.31,b0,ar
967467615,0,2976860,4,49,31.23,93340.30,37.05,6334429,b0,ar
967467615,0,2981244,0,29,31.17,93342.69,37.03,4292376,b0,ar
967467615,0,2982029,1,34,31.51,93342.99,37.06,534028.69,b0,ar
967467615,0,2982716,2,39,30.69,93338.48,36.93,102400000,b0,ar
967467615,0,2983403,3,44,31.31,93340.71,37.03,734576.75,b0,ar
967467615,0,2984090,4,49,31.24,93342.85,37.02,6412524.50,b0,ar
967467615,0,2988484,0,29,31.16,93340.13,36.96,4347041.50,b0,ar
967467615,0,2989269,1,34,31.50,93340.05,37,535284.88,b0,ar
967467615,0,2989956,2,39,30.67,93338.01,36.86,102400000,b0,ar
967467615,0,2990643,3,44,31.29,93345.68,36.99,736955.75,b0,ar
967467615,0,2991330,4,49,31.22,93340.16,36.98,6435192.50,b0,ar
967467615,0,2995724,0,29,31.17,93343.51,36.92,4371398,b0,ar
967467615,0,2996509,1,34,31.50,93343.23,36.96,539515.25,b0,ar
967467615,0,2997196,2,39,30.68,93335.53,36.82,102400000,b0,ar
967467615,0,2997883,3,44,31.30,93341.22,36.93,738550.31,b0,ar
967467615,0,2998570,4,49,31.22,93343.93,36.92,6496431.50,b0,ar
967467615,0,3002964,0,29,31.14,93343.51,36.86,4385439,b0,ar
967467615,0,3003749,1,34,31.47,93344.43,36.91,546862.50,b0,ar
967467615,0,3004436,2,39,30.64,93338.56,36.78,102400000,b0,ar
967467615,0,3005123,3,44,31.27,93341.02,36.89,740151.81,b0,ar
967467615,0,3005810,4,49,31.20,93348.12,36.89,6500297.50,b0,ar
967467615,0,3010204,0,29,31.11,93335.70,36.87,4471615.50,b0,ar
967467615,0,3010891,1,34,31.45,93342.38,36.91,544680.88,b0,ar
967467615,0,3011676,2,39,30.61,93339.56,36.79,102400000,b0,ar
967467615,0,3012363,3,44,31.24,93341.19,36.91,739350.19,b0,ar
967467615,0,3013050,4,49,31.18,93342.63,36.90,6535301,b0,ar
967467615,0,3017444,0,29,31.15,93339.03,36.88,4478950,b0,ar
967467615,0,3018229,1,34,31.49,93341.30,36.91,543380.19,b0,ar
967467615,0,3018916,2,39,30.66,93336.03,36.79,102400000,b0,ar
967467615,0,3019603,3,44,31.31,93336.76,36.91,747445.25,b0,ar
967467615,0,3020290,4,49,31.24,93345.59,36.89,6504168.50,b0,ar
967467615,0,3024684,0,29,31.17,93341.47,36.83,4486309,b0,ar
967467615,0,3025469,1,34,31.52,93337.69,36.87,545551.44,b0,ar
967467615,0,3026156,2,39,30.69,93338.23,36.74,102400000,b0,ar
967467615,0,3026843,3,44,31.34,93342.77,36.86,737752.19,b0,ar
967467615,0,3027530,4,49,31.27,93344.01,36.85,6590507,b0,ar
967467615,0,3031924,0,29,31.23,93344.11,36.79,4464305,b0,ar
967467615,0,3032709,1,34,31.56,93342.81,36.82,549061.69,b0,ar
967467615,0,3033396,2,39,30.74,93342.73,36.70,102400000,b0,ar
967467615,0,3034083,3,44,31.38,93341.26,36.82,739350.19,b0,ar
967467615,0,3034770,4,49,31.31,93344.73,36.80,6543131,b0,ar
967467615,0,3039174,0,29,31.26,93344.45,36.73,4457018.50,b0,ar
967467615,0,3039861,1,34,31.62,93344.62,36.77,546424.75,b0,ar
967467615,0,3040646,2,39,30.80,93344.94,36.63,102400000,b0,ar
967467615,0,3041333,3,44,31.43,93343.13,36.75,740955.13,b0,ar
967467615,0,3042020,4,49,31.36,93347.25,36.73,6566733.50,b0,ar
967467615,0,3046414,0,29,31.30,93344.98,36.66,4428108,b0,ar
967467615,0,3047101,1,34,31.64,93341.05,36.70,548179.88,b0,ar
967467615,0,3047886,2,39,30.82,93343.23,36.58,102400000,b0,ar
967467615,0,3048573,3,44,31.45,93342.57,36.68,748264.50,b0,ar
967467615,0,3049260,4,49,31.39,93345.03,36.67,6527490,b0,ar
967467615,0,3053654,0,29,31.31,93338.73,36.59,4438905.50,b0,ar
967467615,0,3054439,1,34,31.66,93343.16,36.63,547300.94,b0,ar
967467615,0,3055126,2,39,30.84,93337.88,36.49,102400000,b0,ar
967467615,0,3055813,3,44,31.48,93342.01,36.61,749085.56,b0,ar
967467615,0,3056500,4,49,31.41,93345.49,36.60,6574639,b0,ar
967467615,0,3060894,0,29,31.32,93339.45,36.58,4457018.50,b0,ar
967467615,0,3061679,1,34,31.66,93337.92,36.63,542516.56,b0,ar
967467615,0,3062366,2,39,30.83,93340.75,36.51,102400000,b0,ar
967467615,0,3063053,3,44,31.45,93344.16,36.65,744186.06,b0,ar
967467615,0,3063740,4,49,31.38,93342.47,36.65,6496431.50,b0,ar
967467615,0,3068144,0,29,31.28,93342.94,36.67,4367902,b0,ar
967467615,0,3068831,1,34,31.62,93342.20,36.73,542085.75,b0,ar
967467615,0,3069616,2,39,30.79,93344.40,36.60,102400000,b0,ar
967467615,0,3070303,3,44,31.41,93340.84,36.73,740955.13,b0,ar
967467615,0,3070990,4,49,31.33,93342.20,36.72,6442784,b0,ar
967467615,0,3075384,0,29,31.24,93339.79,36.73,4322955,b0,ar
967467615,0,3076071,1,34,31.58,93342.11,36.79,540369.38,b0,ar
967467615,0,3076856,2,39,30.75,93339.09,36.66,102400000,b0,ar
967467615,0,3077543,3,44,31.38,93342.09,36.80,738550.31,b0,ar
967467615,0,3078230,4,49,31.31,93342.95,36.78,6405004,b0,ar
967467615,0,3082624,0,29,31.23,93343.48,36.73,4385439,b0,ar
967467615,0,3083409,1,34,31.56,93342.81,36.77,542948.06,b0,ar
967467615,0,3084096,2,39,30.74,93341.32,36.63,102400000,b0,ar
967467615,0,3084783,3,44,31.37,93344.57,36.74,744186.06,b0,ar
967467615,0,3085470,4,49,31.30,93342.82,36.74,6496431.50,b0,ar
967467615,0,3089864,0,29,31.21,93345.20,36.68,4438905.50,b0,ar
967467615,0,3090649,1,34,31.56,93342.62,36.71,547300.94,b0,ar
967467615,0,3091336,2,39,30.75,93337.69,36.59,102400000,b0,ar
967467615,0,3092023,3,44,31.38,93343.30,36.70,745812.06,b0,ar
967467615,0,3092710,4,49,31.31,93344.73,36.70,6554911,b0,ar
967467615,0,3097104,0,29,31.23,93342.08,36.72,4471615.50,b0,ar
967467615,0,3097889,1,34,31.57,93343.95,36.78,546424.75,b0,ar
967467615,0,3098576,2,39,30.75,93339.67,36.66,102400000,b0,ar
967467615,0,3099263,3,44,31.38,93342.86,36.78,746627.75,b0,ar
967467615,0,3099950,4,49,31.30,93347.23,36.77,6523591.50,b0,ar
967467615,0,3104354,0,29,31.21,93345.83,36.73,4428108,b0,ar
967467615,0,3105041,1,34,31.55,93346.95,36.77,545987.75,b0,ar
967467615,0,3105826,2,39,30.71,93339.97,36.64,102400000,b0,ar
967467615,0,3106513,3,44,31.33,93345.20,36.75,740955.13,b0,ar
967467615,0,3107200,4,49,31.26,93343.69,36.74,6543131,b0,ar
967467615,0,3111594,0,29,31.17,93342.50,36.73,4446133,b0,ar
967467615,0,3112379,1,34,31.50,93341.83,36.78,545551.44,b0,ar
967467615,0,3113066,2,39,30.68,93342.35,36.64,102400000,b0,ar
967467615,0,3113753,3,44,31.30,93341.79,36.77,747445.25,b0,ar
967467615,0,3114440,4,49,31.24,93345.85,36.75,6539213.50,b0,ar
967467615,0,3118834,0,29,31.16,93342.17,36.75,4460659,b0,ar
967467615,0,3119619,1,34,31.50,93340.66,36.80,547300.94,b0,ar
967467615,0,3120306,2,39,30.66,93338.45,36.68,102400000,b0,ar
967467615,0,3120993,3,44,31.29,93347.09,36.81,739350.19,b0,ar
967467615,0,3121680,4,49,31.22,93342.96,36.80,6582563.50,b0,ar
967467615,0,3126084,0,29,31.13,93344.38,36.76,4489997.50,b0,ar
967467615,0,3126771,1,34,31.46,93341.11,36.81,549061.69,b0,ar
967467615,0,3127556,2,39,30.63,93337.85,36.70,102400000,b0,ar
967467615,0,3128243,3,44,31.27,93341.84,36.82,742567.06,b0,ar
967467615,0,3128930,4,49,31.20,93345.13,36.82,6586532.50,b0,ar
967467615,0,3133324,0,29,31.13,93344.77,36.80,4489997.50,b0,ar
967467615,0,3134109,1,34,31.48,93346.22,36.84,549061.69,b0,ar
967467615,0,3134796,2,39,30.65,93345.34,36.71,102400000,b0,ar
967467615,0,3135483,3,44,31.27,93344.59,36.83,747445.25,b0,ar
967467615,0,3136170,4,49,31.20,93344.68,36.82,6598469.50,b0,ar
967467615,0,3140564,0,29,31.12,93342.84,36.78,4565060,b0,ar
967467615,0,3141349,1,34,31.46,93340.15,36.82,553513.50,b0,ar
967467615,0,3142036,2,39,30.62,93344.09,36.68,102400000,b0,ar
967467615,0,3142723,3,44,31.25,93339.73,36.81,751283.94,b0,ar
967467615,0,3143410,4,49,31.18,93341.41,36.79,6658809,b0,ar
967467615,0,3147804,0,29,31.12,93340.04,36.76,4568879,b0,ar
967467615,0,3148589,1,34,31.46,93343.34,36.79,552617.38,b0,ar
967467615,0,3149276,2,39,30.62,93340.08,36.66,102400000,b0,ar
967467615,0,3149963,3,44,31.25,93342.15,36.79,747445.25,b0,ar
967467615,0,3150650,4,49,31.18,93341.03,36.78,6679168.50,b0,ar
967467615,0,3155054,0,29,31.10,93344.35,36.77,4607424,b0,ar
967467615,0,3155741,1,34,31.43,93341.09,36.83,558038.13,b0,ar
967467615,0,3156526,2,39,30.60,93341.21,36.71,102400000,b0,ar
967467615,0,3157213,3,44,31.24,93346.23,36.84,755440.81,b0,ar
967467615,0,3157900,4,49,31.18,93346.45,36.83,6712003.50,b0,ar
967467615,0,3162294,0,29,31.09,93339.19,36.83,4599663,b0,ar
967467615,0,3162981,1,34,31.44,93339.89,36.88,555766.63,b0,ar
967467615,0,3163766,2,39,30.61,93338.98,36.76,102400000,b0,ar
967467615,0,3164453,3,44,31.24,93341.38,36.89,757957.06,b0,ar
967467615,0,3165140,4,49,31.18,93344.60,36.89,6724400,b0,ar
967467615,0,3169534,0,29,31.10,93342.57,36.90,4658516,b0,ar
967467615,0,3170221,1,34,31.44,93339.63,36.95,558038.13,b0,ar
967467615,0,3171006,2,39,30.62,93340.33,36.82,102400000,b0,ar
967467615,0,3171693,3,44,31.25,93343.95,36.95,753772.56,b0,ar
967467615,0,3172380,4,49,31.18,93346.84,36.96,6720262.50,b0,ar
967467615,0,3176774,0,29,31.12,93343.63,36.93,4623025,b0,ar
967467615,0,3177461,1,34,31.45,93342.77,36.97,557127.31,b0,ar
967467615,0,3178246,2,39,30.62,93343.52,36.84,102400000,b0,ar
967467615,0,3178933,3,44,31.25,93341.57,36.95,758378.06,b0,ar
967467615,0,3179620,4,49,31.17,93343.06,36.96,6838063.50,b0,ar
967467615,0,3184014,0,29,31.14,93341.27,36.93,4642675,b0,ar
967467615,0,3184799,1,34,31.49,93340.10,36.97,556673,b0,ar
967467615,0,3185486,2,39,30.67,93340.81,36.83,102400000,b0,ar
967467615,0,3186173,3,44,31.30,93342.82,36.96,751283.94,b0,ar
967467615,0,3186860,4,49,31.23,93347.50,36.95,6683255,b0,ar
967467615,0,3191254,0,29,31.16,93344.34,36.91,4561247,b0,ar
967467615,0,3192039,1,34,31.51,93344.39,36.96,554412.56,b0,ar
967467615,0,3192726,2,39,30.68,93338.54,36.81,102400000,b0,ar
967467615,0,3193413,3,44,31.30,93344.41,36.93,752526.19,b0,ar
967467615,0,3194100,4,49,31.23,93343.87,36.91,6712003.50,b0,ar
967467615,0,3198494,0,29,31.16,93341.53,36.86,4642675,b0,ar
967467615,0,3199279,1,34,31.50,93341.63,36.91,555314.56,b0,ar
967467615,0,3199966,2,39,30.68,93339.50,36.77,102400000,b0,ar
967467615,0,3200653,3,44,31.31,93343.77,36.89,754605.75,b0,ar
967467615,0,3201340,4,49,31.24,93347.26,36.88,6728542,b0,ar
967467615,0,3205734,0,29,31.16,93342.36,36.83,4615211.50,b0,ar
967467615,0,3206519,1,34,31.50,93343.87,36.87,558494.69,b0,ar
967467615,0,3207206,2,39,30.67,93344.58,36.75,102400000,b0,ar
967467615,0,3207893,3,44,31.30,93340.59,36.85,755440.81,b0,ar
967467615,0,3208580,4,49,31.24,93349.42,36.84,6716130.50,b0,ar
967467615,0,3212974,0,29,31.15,93348.62,36.80,4662493,b0,ar
967467615,0,3213661,1,34,31.49,93343.73,36.84,558038.13,b0,ar
967467615,0,3214446,2,39,30.65,93344.50,36.72,102400000,b0,ar
967467615,0,3215133,3,44,31.29,93346.32,36.85,755859,b0,ar
967467615,0,3215820,4,49,31.21,93344.82,36.83,6753503.50,b0,ar
967467615,0,3220214,0,29,31.13,93343.57,36.81,4654545.50,b0,ar
967467615,0,3220901,1,34,31.47,93345.45,36.86,561711.44,b0,ar
967467615,0,3221686,2,39,30.64,93341.19,36.73,102400000,b0,ar
967467615,0,3222373,3,44,31.26,93341.45,36.84,756277.69,b0,ar
967467615,0,3223060,4,49,31.19,93344.93,36.86,6825244.50,b0,ar
967467615,0,3227454,0,29,31.12,93342.39,36.82,4702640.50,b0,ar
967467615,0,3228141,1,34,31.46,93338.48,36.87,562637.38,b0,ar
967467615,0,3228926,2,39,30.63,93342.27,36.74,102400000,b0,ar
967467615,0,3229613,3,44,31.26,93344.06,36.86,757957.06,b0,ar
967467615,0,3230300,4,49,31.20,93348.12,36.85,6859535.50,b0,ar
967467615,0,3234684,0,29,31.16,93346.18,36.83,4710753.50,b0,ar
967467615,0,3235469,1,34,31.50,93344.05,36.88,560788.63,b0,ar
967467615,0,3236156,2,39,30.68,93338.72,36.75,102400000,b0,ar
967467615,0,3236843,3,44,31.31,93348.56,36.86,762614.06,b0,ar
967467615,0,3237530,4,49,31.24,93350.45,36.85,6863846,b0,ar
967467615,0,3241924,0,29,31.15,93345.42,36.79,4714820,b0,ar
967467615,0,3242709,1,34,31.49,93344.31,36.83,558951.94,b0,ar
967467615,0,3243396,2,39,30.66,93339.86,36.69,102400000,b0,ar
967467615,0,3244083,3,44,31.29,93342.88,36.81,760066.81,b0,ar
967467615,0,3244770,4,49,31.22,93344.37,36.80,6859535.50,b0,ar
967467615,0,3249164,0,29,31.17,93344.28,36.81,4662493,b0,ar
967467615,0,3249851,1,34,31.51,93345.60,36.85,561711.44,b0,ar
967467615,0,3250636,2,39,30.68,93339.50,36.74,102400000,b0,ar
967467615,0,3251323,3,44,31.32,93344.10,36.87,757536.50,b0,ar
967467615,0,3252010,4,49,31.25,93346.75,36.87,6736842,b0,ar
967467615,0,3256404,0,29,31.16,93339.94,36.89,4576536.50,b0,ar
967467615,0,3257091,1,34,31.50,93343.87,36.94,558038.13,b0,ar
967467615,0,3257876,2,39,30.67,93342.61,36.83,102400000,b0,ar
967467615,0,3258563,3,44,31.30,93344.80,36.96,741760.25,b0,ar
967467615,0,3259250,4,49,31.23,93346.68,36.96,6646653,b0,ar
967467615,0,3263644,0,29,31.16,93344.34,36.93,4538504,b0,ar
967467615,0,3264331,1,34,31.50,93347.26,36.96,555314.56,b0,ar
967467615,0,3265116,2,39,30.68,93346.95,36.82,102400000,b0,ar
967467615,0,3265803,3,44,31.30,93344.41,36.93,743375.69,b0,ar
967467615,0,3266490,4,49,31.23,93348.09,36.94,6646653,b0,ar
967467615,0,3270874,0,29,31.15,93345.03,36.90,4501099,b0,ar
967467615,0,3271659,1,34,31.50,93346.66,36.96,554412.56,b0,ar
967467615,0,3272346,2,39,30.65,93347.51,36.82,102400000,b0,ar
967467615,0,3273033,3,44,31.29,93344.91,36.93,746627.75,b0,ar
967467615,0,3273720,4,49,31.22,93342.58,36.94,6658809,b0,ar
967467615,0,3278114,0,29,31.15,93344.02,36.90,4530973.50,b0,ar
967467615,0,3278899,1,34,31.49,93342.91,36.94,552170.38,b0,ar
967467615,0,3279586,2,39,30.66,93344.90,36.81,102400000,b0,ar
967467615,0,3280273,3,44,31.28,93344.34,36.92,742567.06,b0,ar
967467615,0,3280960,4,49,31.21,93344.04,36.93,6671010,b0,ar
967467615,0,3285354,0,29,31.17,93342.12,36.88,4611314.50,b0,ar
967467615,0,3286139,1,34,31.50,93346.22,36.93,558038.13,b0,ar
967467615,0,3286826,2,39,30.67,93341.59,36.79,102400000,b0,ar
967467615,0,3287513,3,44,31.30,93344.80,36.91,753772.56,b0,ar
967467615,0,3288200,4,49,31.22,93341.12,36.90,6745162.50,b0,ar
967467615,0,3292604,0,29,31.19,93350.98,36.86,4658516,b0,ar
967467615,0,3293291,1,34,31.52,93339.48,36.90,558038.13,b0,ar
967467615,0,3294076,2,39,30.69,93341.03,36.77,102400000,b0,ar
967467615,0,3294763,3,44,31.33,93344.42,36.88,763466.94,b0,ar
967467615,0,3295450,4,49,31.26,93341.08,36.87,6787075.50,b0,ar
967467615,0,3299844,0,29,31.21,93343.79,36.80,4654545.50,b0,ar
967467615,0,3300531,1,34,31.55,93341.33,36.84,564031.94,b0,ar
967467615,0,3301316,2,39,30.72,93342.27,36.72,102400000,b0,ar
967467615,0,3302003,3,44,31.35,93346.29,36.82,760914,b0,ar
967467615,0,3302690,4,49,31.28,93345.35,36.81,6842347,b0,ar
967467615,0,3307084,0,29,31.23,93350.13,36.74,4747609.50,b0,ar
967467615,0,3307771,1,34,31.58,93347.09,36.78,566841.94,b0,ar
967467615,0,3308556,2,39,30.76,93343.81,36.65,102400000,b0,ar
967467615,0,3309243,3,44,31.39,93342.98,36.76,762188.31,b0,ar
967467615,0,3309930,4,49,31.31,93343.52,36.74,6829512.50,b0,ar
967467615,0,3314324,0,29,31.27,93340.83,36.66,4718894,b0,ar
967467615,0,3315011,1,34,31.61,93349.91,36.70,560328.31,b0,ar
967467615,0,3315796,2,39,30.77,93343.31,36.56,102400000,b0,ar
967467615,0,3316483,3,44,31.41,93348.30,36.68,762188.31,b0,ar
967467615,0,3317170,4,49,31.34,93345.77,36.67,6825244.50,b0,ar
967467615,0,3321564,0,29,31.29,93344.91,36.61,4702640.50,b0,ar
967467615,0,3322251,1,34,31.63,93348.59,36.64,559868.75,b0,ar
967467615,0,3323036,2,39,30.80,93344.55,36.51,102400000,b0,ar
967467615,0,3323723,3,44,31.43,93347.16,36.63,759643.94,b0,ar
967467615,0,3324410,4,49,31.35,93350.88,36.62,6799751,b0,ar
967467615,0,3328804,0,29,31.27,93344.66,36.64,4630865,b0,ar
967467615,0,3329491,1,34,31.62,93343.85,36.69,560328.31,b0,ar
967467615,0,3330276,2,39,30.79,93340.59,36.57,102400000,b0,ar
967467615,0,3330963,3,44,31.42,93344.40,36.70,750870.75,b0,ar
967467615,0,3331650,4,49,31.35,93343.10,36.70,6662871,b0,ar
967467615,0,3336044,0,29,31.27,93349.82,36.69,4542279,b0,ar
967467615,0,3336731,1,34,31.62,93346.02,36.75,549946.31,b0,ar
967467615,0,3337516,2,39,30.79,93344.60,36.63,102400000,b0,ar
967467615,0,3338203,3,44,31.42,93348.42,36.77,742567.06,b0,ar
967467615,0,3338890,4,49,31.34,93344.76,36.78,6602458,b0,ar
967467615,0,3343284,0,29,31.28,93340.58,36.78,4482626.50,b0,ar
967467615,0,3343971,1,34,31.62,93345.63,36.84,550833.81,b0,ar
967467615,0,3344756,2,39,30.79,93339.58,36.71,102400000,b0,ar
967467615,0,3345443,3,44,31.42,93346.38,36.84,743375.69,b0,ar
967467615,0,3346130,4,49,31.35,93344.05,36.85,6543131,b0,ar
967467615,0,3350524,0,29,31.27,93345.42,36.78,4493691.50,b0,ar
967467615,0,3351211,1,34,31.61,93343.47,36.81,550833.81,b0,ar
967467615,0,3351996,2,39,30.79,93344.40,36.67,102400000,b0,ar
967467615,0,3352683,3,44,31.41,93343.45,36.79,744998.19,b0,ar
967467615,0,3353370,4,49,31.34,93344.55,36.78,6662871,b0,ar
967467615,0,3357764,0,29,31.29,93345.88,36.72,4508530.50,b0,ar
967467615,0,3358451,1,34,31.63,93345.13,36.75,553065.06,b0,ar
967467615,0,3359236,2,39,30.80,93343.73,36.60,102400000,b0,ar
967467615,0,3359923,3,44,31.43,93344.16,36.71,745812.06,b0,ar
967467615,0,3360610,4,49,31.35,93347.05,36.70,6662871,b0,ar
967467615,0,3364994,0,29,31.27,93343.19,36.60,4568879,b0,ar
967467615,0,3365779,1,34,31.62,93345.63,36.65,558038.13,b0,ar
967467615,0,3366466,2,39,30.80,93338.75,36.49,102400000,b0,ar
967467615,0,3367153,3,44,31.43,93345.94,36.63,751697.56,b0,ar
967467615,0,3367840,4,49,31.36,93347.25,36.60,6691443.50,b0,ar
967467615,0,3372234,0,29,31.29,93344.27,36.66,4607424,b0,ar
967467615,0,3373019,1,34,31.63,93347.38,36.73,557127.31,b0,ar
967467615,0,3373706,2,39,30.81,93345.26,36.61,102400000,b0,ar
967467615,0,3374393,3,44,31.45,93346.78,36.75,753356.63,b0,ar
967467615,0,3375080,4,49,31.39,93347.41,36.77,6728542,b0,ar
967467615,0,3379474,0,29,31.35,93346.66,36.77,4615211.50,b0,ar
967467615,0,3380259,1,34,31.71,93344.84,36.81,560328.31,b0,ar
967467615,0,3380946,2,39,30.87,93347.08,36.67,102400000,b0,ar
967467615,0,3381633,3,44,31.51,93344,36.79,752941.19,b0,ar
967467615,0,3382320,4,49,31.45,93347.62,36.77,6745162.50,b0,ar
